7,-12,FqI2bRGnM5Wv2vV1xfh4Y1UiXg0=,qxV6Rov21hpl0Mn7jvL35QhpGZU=
7,-13,FqI2bRGnM5Wv2vV1xfh4Y1UiXg0=,qxV6Rov21hpl0Mn7jvL35QhpGZU=
6,-13,FqI2bRGnM5Wv2vV1xfh4Y1UiXg0=,qxV6Rov21hpl0Mn7jvL35QhpGZU=
6,-12,FqI2bRGnM5Wv2vV1xfh4Y1UiXg0=,qxV6Rov21hpl0Mn7jvL35QhpGZU=
15,-1,FqI2bRGnM5Wv2vV1xfh4Y1UiXg0=,qxV6Rov21hpl0Mn7jvL35QhpGZU=
14,-1,FqI2bRGnM5Wv2vV1xfh4Y1UiXg0=,qxV6Rov21hpl0Mn7jvL35QhpGZU=
0,-16,FqI2bRGnM5Wv2vV1xfh4Y1UiXg0=,qxV6Rov21hpl0Mn7jvL35QhpGZU=
12,-1,FqI2bRGnM5Wv2vV1xfh4Y1UiXg0=,qxV6Rov21hpl0Mn7jvL35QhpGZU=
13,-1,FqI2bRGnM5Wv2vV1xfh4Y1UiXg0=,qxV6Rov21hpl0Mn7jvL35QhpGZU=
8,-16,FqI2bRGnM5Wv2vV1xfh4Y1UiXg0=,qxV6Rov21hpl0Mn7jvL35QhpGZU=
5,-13,FqI2bRGnM5Wv2vV1xfh4Y1UiXg0=,qxV6Rov21hpl0Mn7jvL35QhpGZU=
9,-16,FqI2bRGnM5Wv2vV1xfh4Y1UiXg0=,qxV6Rov21hpl0Mn7jvL35QhpGZU=
10,-1,FqI2bRGnM5Wv2vV1xfh4Y1UiXg0=,qxV6Rov21hpl0Mn7jvL35QhpGZU=
11,-1,FqI2bRGnM5Wv2vV1xfh4Y1UiXg0=,qxV6Rov21hpl0Mn7jvL35QhpGZU=
2,-16,FqI2bRGnM5Wv2vV1xfh4Y1UiXg0=,qxV6Rov21hpl0Mn7jvL35QhpGZU=
7,-14,FqI2bRGnM5Wv2vV1xfh4Y1UiXg0=,qxV6Rov21hpl0Mn7jvL35QhpGZU=
8,-14,FqI2bRGnM5Wv2vV1xfh4Y1UiXg0=,qxV6Rov21hpl0Mn7jvL35QhpGZU=
9,-1,FqI2bRGnM5Wv2vV1xfh4Y1UiXg0=,qxV6Rov21hpl0Mn7jvL35QhpGZU=
8,-1,FqI2bRGnM5Wv2vV1xfh4Y1UiXg0=,qxV6Rov21hpl0Mn7jvL35QhpGZU=
9,-14,FqI2bRGnM5Wv2vV1xfh4Y1UiXg0=,qxV6Rov21hpl0Mn7jvL35QhpGZU=
7,-1,FqI2bRGnM5Wv2vV1xfh4Y1UiXg0=,qxV6Rov21hpl0Mn7jvL35QhpGZU=
6,-16,FqI2bRGnM5Wv2vV1xfh4Y1UiXg0=,qxV6Rov21hpl0Mn7jvL35QhpGZU=
5,-1,FqI2bRGnM5Wv2vV1xfh4Y1UiXg0=,qxV6Rov21hpl0Mn7jvL35QhpGZU=
6,-1,FqI2bRGnM5Wv2vV1xfh4Y1UiXg0=,qxV6Rov21hpl0Mn7jvL35QhpGZU=
8,-12,FqI2bRGnM5Wv2vV1xfh4Y1UiXg0=,qxV6Rov21hpl0Mn7jvL35QhpGZU=
6,-14,FqI2bRGnM5Wv2vV1xfh4Y1UiXg0=,qxV6Rov21hpl0Mn7jvL35QhpGZU=
9,-12,FqI2bRGnM5Wv2vV1xfh4Y1UiXg0=,qxV6Rov21hpl0Mn7jvL35QhpGZU=
8,-13,FqI2bRGnM5Wv2vV1xfh4Y1UiXg0=,qxV6Rov21hpl0Mn7jvL35QhpGZU=
4,-13,FqI2bRGnM5Wv2vV1xfh4Y1UiXg0=,qxV6Rov21hpl0Mn7jvL35QhpGZU=
15,-2,FqI2bRGnM5Wv2vV1xfh4Y1UiXg0=,qxV6Rov21hpl0Mn7jvL35QhpGZU=
14,-2,FqI2bRGnM5Wv2vV1xfh4Y1UiXg0=,qxV6Rov21hpl0Mn7jvL35QhpGZU=
13,-2,FqI2bRGnM5Wv2vV1xfh4Y1UiXg0=,qxV6Rov21hpl0Mn7jvL35QhpGZU=
12,-2,FqI2bRGnM5Wv2vV1xfh4Y1UiXg0=,qxV6Rov21hpl0Mn7jvL35QhpGZU=
3,-13,FqI2bRGnM5Wv2vV1xfh4Y1UiXg0=,qxV6Rov21hpl0Mn7jvL35QhpGZU=
11,-2,FqI2bRGnM5Wv2vV1xfh4Y1UiXg0=,qxV6Rov21hpl0Mn7jvL35QhpGZU=
10,-2,FqI2bRGnM5Wv2vV1xfh4Y1UiXg0=,qxV6Rov21hpl0Mn7jvL35QhpGZU=
9,-2,FqI2bRGnM5Wv2vV1xfh4Y1UiXg0=,qxV6Rov21hpl0Mn7jvL35QhpGZU=
7,-2,FqI2bRGnM5Wv2vV1xfh4Y1UiXg0=,qxV6Rov21hpl0Mn7jvL35QhpGZU=
6,-2,FqI2bRGnM5Wv2vV1xfh4Y1UiXg0=,qxV6Rov21hpl0Mn7jvL35QhpGZU=
8,-2,FqI2bRGnM5Wv2vV1xfh4Y1UiXg0=,qxV6Rov21hpl0Mn7jvL35QhpGZU=
4,-2,FqI2bRGnM5Wv2vV1xfh4Y1UiXg0=,qxV6Rov21hpl0Mn7jvL35QhpGZU=
5,-2,FqI2bRGnM5Wv2vV1xfh4Y1UiXg0=,qxV6Rov21hpl0Mn7jvL35QhpGZU=
13,-3,FqI2bRGnM5Wv2vV1xfh4Y1UiXg0=,qxV6Rov21hpl0Mn7jvL35QhpGZU=
12,-3,FqI2bRGnM5Wv2vV1xfh4Y1UiXg0=,qxV6Rov21hpl0Mn7jvL35QhpGZU=
11,-3,FqI2bRGnM5Wv2vV1xfh4Y1UiXg0=,qxV6Rov21hpl0Mn7jvL35QhpGZU=
5,-14,FqI2bRGnM5Wv2vV1xfh4Y1UiXg0=,qxV6Rov21hpl0Mn7jvL35QhpGZU=
2,-13,FqI2bRGnM5Wv2vV1xfh4Y1UiXg0=,qxV6Rov21hpl0Mn7jvL35QhpGZU=
9,-3,FqI2bRGnM5Wv2vV1xfh4Y1UiXg0=,qxV6Rov21hpl0Mn7jvL35QhpGZU=
10,-3,FqI2bRGnM5Wv2vV1xfh4Y1UiXg0=,qxV6Rov21hpl0Mn7jvL35QhpGZU=
8,-3,FqI2bRGnM5Wv2vV1xfh4Y1UiXg0=,qxV6Rov21hpl0Mn7jvL35QhpGZU=
7,-3,FqI2bRGnM5Wv2vV1xfh4Y1UiXg0=,qxV6Rov21hpl0Mn7jvL35QhpGZU=
6,-3,FqI2bRGnM5Wv2vV1xfh4Y1UiXg0=,qxV6Rov21hpl0Mn7jvL35QhpGZU=
5,-3,FqI2bRGnM5Wv2vV1xfh4Y1UiXg0=,qxV6Rov21hpl0Mn7jvL35QhpGZU=
4,-3,FqI2bRGnM5Wv2vV1xfh4Y1UiXg0=,qxV6Rov21hpl0Mn7jvL35QhpGZU=
3,-3,FqI2bRGnM5Wv2vV1xfh4Y1UiXg0=,qxV6Rov21hpl0Mn7jvL35QhpGZU=
12,-4,FqI2bRGnM5Wv2vV1xfh4Y1UiXg0=,qxV6Rov21hpl0Mn7jvL35QhpGZU=
9,-4,FqI2bRGnM5Wv2vV1xfh4Y1UiXg0=,qxV6Rov21hpl0Mn7jvL35QhpGZU=
10,-4,FqI2bRGnM5Wv2vV1xfh4Y1UiXg0=,qxV6Rov21hpl0Mn7jvL35QhpGZU=
8,-4,FqI2bRGnM5Wv2vV1xfh4Y1UiXg0=,qxV6Rov21hpl0Mn7jvL35QhpGZU=
11,-4,FqI2bRGnM5Wv2vV1xfh4Y1UiXg0=,qxV6Rov21hpl0Mn7jvL35QhpGZU=
7,-4,FqI2bRGnM5Wv2vV1xfh4Y1UiXg0=,qxV6Rov21hpl0Mn7jvL35QhpGZU=
4,-4,FqI2bRGnM5Wv2vV1xfh4Y1UiXg0=,qxV6Rov21hpl0Mn7jvL35QhpGZU=
3,-4,FqI2bRGnM5Wv2vV1xfh4Y1UiXg0=,qxV6Rov21hpl0Mn7jvL35QhpGZU=
6,-4,FqI2bRGnM5Wv2vV1xfh4Y1UiXg0=,qxV6Rov21hpl0Mn7jvL35QhpGZU=
3,-2,FqI2bRGnM5Wv2vV1xfh4Y1UiXg0=,qxV6Rov21hpl0Mn7jvL35QhpGZU=
4,-14,FqI2bRGnM5Wv2vV1xfh4Y1UiXg0=,qxV6Rov21hpl0Mn7jvL35QhpGZU=
12,-5,FqI2bRGnM5Wv2vV1xfh4Y1UiXg0=,qxV6Rov21hpl0Mn7jvL35QhpGZU=
10,-5,FqI2bRGnM5Wv2vV1xfh4Y1UiXg0=,qxV6Rov21hpl0Mn7jvL35QhpGZU=
9,-5,FqI2bRGnM5Wv2vV1xfh4Y1UiXg0=,qxV6Rov21hpl0Mn7jvL35QhpGZU=
8,-5,FqI2bRGnM5Wv2vV1xfh4Y1UiXg0=,qxV6Rov21hpl0Mn7jvL35QhpGZU=
7,-5,FqI2bRGnM5Wv2vV1xfh4Y1UiXg0=,qxV6Rov21hpl0Mn7jvL35QhpGZU=
3,-14,FqI2bRGnM5Wv2vV1xfh4Y1UiXg0=,qxV6Rov21hpl0Mn7jvL35QhpGZU=
11,-5,FqI2bRGnM5Wv2vV1xfh4Y1UiXg0=,qxV6Rov21hpl0Mn7jvL35QhpGZU=
6,-5,FqI2bRGnM5Wv2vV1xfh4Y1UiXg0=,qxV6Rov21hpl0Mn7jvL35QhpGZU=
2,-14,FqI2bRGnM5Wv2vV1xfh4Y1UiXg0=,qxV6Rov21hpl0Mn7jvL35QhpGZU=
4,-5,FqI2bRGnM5Wv2vV1xfh4Y1UiXg0=,qxV6Rov21hpl0Mn7jvL35QhpGZU=
3,-5,FqI2bRGnM5Wv2vV1xfh4Y1UiXg0=,qxV6Rov21hpl0Mn7jvL35QhpGZU=
5,-12,FqI2bRGnM5Wv2vV1xfh4Y1UiXg0=,qxV6Rov21hpl0Mn7jvL35QhpGZU=
7,-16,FqI2bRGnM5Wv2vV1xfh4Y1UiXg0=,qxV6Rov21hpl0Mn7jvL35QhpGZU=
4,-12,FqI2bRGnM5Wv2vV1xfh4Y1UiXg0=,qxV6Rov21hpl0Mn7jvL35QhpGZU=
15,-14,FqI2bRGnM5Wv2vV1xfh4Y1UiXg0=,qxV6Rov21hpl0Mn7jvL35QhpGZU=
12,-6,FqI2bRGnM5Wv2vV1xfh4Y1UiXg0=,qxV6Rov21hpl0Mn7jvL35QhpGZU=
1,-14,FqI2bRGnM5Wv2vV1xfh4Y1UiXg0=,qxV6Rov21hpl0Mn7jvL35QhpGZU=
14,-14,FqI2bRGnM5Wv2vV1xfh4Y1UiXg0=,qxV6Rov21hpl0Mn7jvL35QhpGZU=
9,-6,FqI2bRGnM5Wv2vV1xfh4Y1UiXg0=,qxV6Rov21hpl0Mn7jvL35QhpGZU=
8,-6,FqI2bRGnM5Wv2vV1xfh4Y1UiXg0=,qxV6Rov21hpl0Mn7jvL35QhpGZU=
7,-6,FqI2bRGnM5Wv2vV1xfh4Y1UiXg0=,qxV6Rov21hpl0Mn7jvL35QhpGZU=
4,-1,FqI2bRGnM5Wv2vV1xfh4Y1UiXg0=,qxV6Rov21hpl0Mn7jvL35QhpGZU=
5,-4,FqI2bRGnM5Wv2vV1xfh4Y1UiXg0=,qxV6Rov21hpl0Mn7jvL35QhpGZU=
1,-1,FqI2bRGnM5Wv2vV1xfh4Y1UiXg0=,qxV6Rov21hpl0Mn7jvL35QhpGZU=
10,-6,FqI2bRGnM5Wv2vV1xfh4Y1UiXg0=,qxV6Rov21hpl0Mn7jvL35QhpGZU=
0,-3,FqI2bRGnM5Wv2vV1xfh4Y1UiXg0=,qxV6Rov21hpl0Mn7jvL35QhpGZU=
11,-6,FqI2bRGnM5Wv2vV1xfh4Y1UiXg0=,qxV6Rov21hpl0Mn7jvL35QhpGZU=
4,-6,FqI2bRGnM5Wv2vV1xfh4Y1UiXg0=,qxV6Rov21hpl0Mn7jvL35QhpGZU=
3,-1,FqI2bRGnM5Wv2vV1xfh4Y1UiXg0=,qxV6Rov21hpl0Mn7jvL35QhpGZU=
2,-3,FqI2bRGnM5Wv2vV1xfh4Y1UiXg0=,qxV6Rov21hpl0Mn7jvL35QhpGZU=
2,-1,FqI2bRGnM5Wv2vV1xfh4Y1UiXg0=,qxV6Rov21hpl0Mn7jvL35QhpGZU=
13,-4,FqI2bRGnM5Wv2vV1xfh4Y1UiXg0=,qxV6Rov21hpl0Mn7jvL35QhpGZU=
1,-2,FqI2bRGnM5Wv2vV1xfh4Y1UiXg0=,qxV6Rov21hpl0Mn7jvL35QhpGZU=
3,-12,FqI2bRGnM5Wv2vV1xfh4Y1UiXg0=,qxV6Rov21hpl0Mn7jvL35QhpGZU=
14,-4,FqI2bRGnM5Wv2vV1xfh4Y1UiXg0=,qxV6Rov21hpl0Mn7jvL35QhpGZU=
13,-6,FqI2bRGnM5Wv2vV1xfh4Y1UiXg0=,qxV6Rov21hpl0Mn7jvL35QhpGZU=
10,-12,FqI2bRGnM5Wv2vV1xfh4Y1UiXg0=,qxV6Rov21hpl0Mn7jvL35QhpGZU=
13,-7,FqI2bRGnM5Wv2vV1xfh4Y1UiXg0=,qxV6Rov21hpl0Mn7jvL35QhpGZU=
5,-5,FqI2bRGnM5Wv2vV1xfh4Y1UiXg0=,qxV6Rov21hpl0Mn7jvL35QhpGZU=
1,-3,FqI2bRGnM5Wv2vV1xfh4Y1UiXg0=,qxV6Rov21hpl0Mn7jvL35QhpGZU=
7,-7,FqI2bRGnM5Wv2vV1xfh4Y1UiXg0=,qxV6Rov21hpl0Mn7jvL35QhpGZU=
2,-12,FqI2bRGnM5Wv2vV1xfh4Y1UiXg0=,qxV6Rov21hpl0Mn7jvL35QhpGZU=
0,-14,FqI2bRGnM5Wv2vV1xfh4Y1UiXg0=,qxV6Rov21hpl0Mn7jvL35QhpGZU=
13,-14,FqI2bRGnM5Wv2vV1xfh4Y1UiXg0=,qxV6Rov21hpl0Mn7jvL35QhpGZU=
2,-5,FqI2bRGnM5Wv2vV1xfh4Y1UiXg0=,qxV6Rov21hpl0Mn7jvL35QhpGZU=
9,-7,FqI2bRGnM5Wv2vV1xfh4Y1UiXg0=,qxV6Rov21hpl0Mn7jvL35QhpGZU=
15,-5,FqI2bRGnM5Wv2vV1xfh4Y1UiXg0=,qxV6Rov21hpl0Mn7jvL35QhpGZU=
1,-13,FqI2bRGnM5Wv2vV1xfh4Y1UiXg0=,qxV6Rov21hpl0Mn7jvL35QhpGZU=
15,-6,FqI2bRGnM5Wv2vV1xfh4Y1UiXg0=,qxV6Rov21hpl0Mn7jvL35QhpGZU=
2,-4,FqI2bRGnM5Wv2vV1xfh4Y1UiXg0=,qxV6Rov21hpl0Mn7jvL35QhpGZU=
11,-12,FqI2bRGnM5Wv2vV1xfh4Y1UiXg0=,qxV6Rov21hpl0Mn7jvL35QhpGZU=
9,-13,FqI2bRGnM5Wv2vV1xfh4Y1UiXg0=,qxV6Rov21hpl0Mn7jvL35QhpGZU=
8,-15,FqI2bRGnM5Wv2vV1xfh4Y1UiXg0=,qxV6Rov21hpl0Mn7jvL35QhpGZU=
9,-15,FqI2bRGnM5Wv2vV1xfh4Y1UiXg0=,qxV6Rov21hpl0Mn7jvL35QhpGZU=
4,-16,FqI2bRGnM5Wv2vV1xfh4Y1UiXg0=,qxV6Rov21hpl0Mn7jvL35QhpGZU=
1,-16,FqI2bRGnM5Wv2vV1xfh4Y1UiXg0=,qxV6Rov21hpl0Mn7jvL35QhpGZU=
10,-16,FqI2bRGnM5Wv2vV1xfh4Y1UiXg0=,qxV6Rov21hpl0Mn7jvL35QhpGZU=
11,-16,FqI2bRGnM5Wv2vV1xfh4Y1UiXg0=,qxV6Rov21hpl0Mn7jvL35QhpGZU=
12,-16,FqI2bRGnM5Wv2vV1xfh4Y1UiXg0=,qxV6Rov21hpl0Mn7jvL35QhpGZU=
13,-16,FqI2bRGnM5Wv2vV1xfh4Y1UiXg0=,qxV6Rov21hpl0Mn7jvL35QhpGZU=
14,-16,FqI2bRGnM5Wv2vV1xfh4Y1UiXg0=,qxV6Rov21hpl0Mn7jvL35QhpGZU=
15,-16,FqI2bRGnM5Wv2vV1xfh4Y1UiXg0=,qxV6Rov21hpl0Mn7jvL35QhpGZU=
0,-15,FqI2bRGnM5Wv2vV1xfh4Y1UiXg0=,qxV6Rov21hpl0Mn7jvL35QhpGZU=
1,-15,FqI2bRGnM5Wv2vV1xfh4Y1UiXg0=,qxV6Rov21hpl0Mn7jvL35QhpGZU=
2,-15,FqI2bRGnM5Wv2vV1xfh4Y1UiXg0=,qxV6Rov21hpl0Mn7jvL35QhpGZU=
3,-15,FqI2bRGnM5Wv2vV1xfh4Y1UiXg0=,qxV6Rov21hpl0Mn7jvL35QhpGZU=
4,-15,FqI2bRGnM5Wv2vV1xfh4Y1UiXg0=,qxV6Rov21hpl0Mn7jvL35QhpGZU=
5,-15,FqI2bRGnM5Wv2vV1xfh4Y1UiXg0=,qxV6Rov21hpl0Mn7jvL35QhpGZU=
6,-15,FqI2bRGnM5Wv2vV1xfh4Y1UiXg0=,qxV6Rov21hpl0Mn7jvL35QhpGZU=
7,-15,FqI2bRGnM5Wv2vV1xfh4Y1UiXg0=,qxV6Rov21hpl0Mn7jvL35QhpGZU=
3,-16,FqI2bRGnM5Wv2vV1xfh4Y1UiXg0=,qxV6Rov21hpl0Mn7jvL35QhpGZU=
10,-14,FqI2bRGnM5Wv2vV1xfh4Y1UiXg0=,qxV6Rov21hpl0Mn7jvL35QhpGZU=
13,-5,FqI2bRGnM5Wv2vV1xfh4Y1UiXg0=,qxV6Rov21hpl0Mn7jvL35QhpGZU=
14,-6,FqI2bRGnM5Wv2vV1xfh4Y1UiXg0=,qxV6Rov21hpl0Mn7jvL35QhpGZU=
0,-13,FqI2bRGnM5Wv2vV1xfh4Y1UiXg0=,qxV6Rov21hpl0Mn7jvL35QhpGZU=
0,-2,FqI2bRGnM5Wv2vV1xfh4Y1UiXg0=,qxV6Rov21hpl0Mn7jvL35QhpGZU=
14,-7,FqI2bRGnM5Wv2vV1xfh4Y1UiXg0=,qxV6Rov21hpl0Mn7jvL35QhpGZU=
12,-7,FqI2bRGnM5Wv2vV1xfh4Y1UiXg0=,qxV6Rov21hpl0Mn7jvL35QhpGZU=
2,-2,FqI2bRGnM5Wv2vV1xfh4Y1UiXg0=,qxV6Rov21hpl0Mn7jvL35QhpGZU=
0,-1,FqI2bRGnM5Wv2vV1xfh4Y1UiXg0=,qxV6Rov21hpl0Mn7jvL35QhpGZU=
3,-6,FqI2bRGnM5Wv2vV1xfh4Y1UiXg0=,qxV6Rov21hpl0Mn7jvL35QhpGZU=
15,-7,FqI2bRGnM5Wv2vV1xfh4Y1UiXg0=,qxV6Rov21hpl0Mn7jvL35QhpGZU=
1,-4,FqI2bRGnM5Wv2vV1xfh4Y1UiXg0=,qxV6Rov21hpl0Mn7jvL35QhpGZU=
8,-7,FqI2bRGnM5Wv2vV1xfh4Y1UiXg0=,qxV6Rov21hpl0Mn7jvL35QhpGZU=
1,-5,FqI2bRGnM5Wv2vV1xfh4Y1UiXg0=,qxV6Rov21hpl0Mn7jvL35QhpGZU=
5,-6,FqI2bRGnM5Wv2vV1xfh4Y1UiXg0=,qxV6Rov21hpl0Mn7jvL35QhpGZU=
3,-7,FqI2bRGnM5Wv2vV1xfh4Y1UiXg0=,qxV6Rov21hpl0Mn7jvL35QhpGZU=
14,-5,FqI2bRGnM5Wv2vV1xfh4Y1UiXg0=,qxV6Rov21hpl0Mn7jvL35QhpGZU=
1,-6,FqI2bRGnM5Wv2vV1xfh4Y1UiXg0=,qxV6Rov21hpl0Mn7jvL35QhpGZU=
12,-12,FqI2bRGnM5Wv2vV1xfh4Y1UiXg0=,qxV6Rov21hpl0Mn7jvL35QhpGZU=
6,-7,FqI2bRGnM5Wv2vV1xfh4Y1UiXg0=,qxV6Rov21hpl0Mn7jvL35QhpGZU=
13,-12,FqI2bRGnM5Wv2vV1xfh4Y1UiXg0=,qxV6Rov21hpl0Mn7jvL35QhpGZU=
14,-12,FqI2bRGnM5Wv2vV1xfh4Y1UiXg0=,qxV6Rov21hpl0Mn7jvL35QhpGZU=
15,-12,FqI2bRGnM5Wv2vV1xfh4Y1UiXg0=,qxV6Rov21hpl0Mn7jvL35QhpGZU=
15,-8,FqI2bRGnM5Wv2vV1xfh4Y1UiXg0=,qxV6Rov21hpl0Mn7jvL35QhpGZU=
0,-6,FqI2bRGnM5Wv2vV1xfh4Y1UiXg0=,qxV6Rov21hpl0Mn7jvL35QhpGZU=
15,-4,FqI2bRGnM5Wv2vV1xfh4Y1UiXg0=,qxV6Rov21hpl0Mn7jvL35QhpGZU=
15,-15,FqI2bRGnM5Wv2vV1xfh4Y1UiXg0=,qxV6Rov21hpl0Mn7jvL35QhpGZU=
12,-14,FqI2bRGnM5Wv2vV1xfh4Y1UiXg0=,qxV6Rov21hpl0Mn7jvL35QhpGZU=
2,-6,FqI2bRGnM5Wv2vV1xfh4Y1UiXg0=,qxV6Rov21hpl0Mn7jvL35QhpGZU=
15,-13,FqI2bRGnM5Wv2vV1xfh4Y1UiXg0=,qxV6Rov21hpl0Mn7jvL35QhpGZU=
4,-8,FqI2bRGnM5Wv2vV1xfh4Y1UiXg0=,qxV6Rov21hpl0Mn7jvL35QhpGZU=
14,-3,FqI2bRGnM5Wv2vV1xfh4Y1UiXg0=,qxV6Rov21hpl0Mn7jvL35QhpGZU=
0,-5,FqI2bRGnM5Wv2vV1xfh4Y1UiXg0=,qxV6Rov21hpl0Mn7jvL35QhpGZU=
4,-7,FqI2bRGnM5Wv2vV1xfh4Y1UiXg0=,qxV6Rov21hpl0Mn7jvL35QhpGZU=
3,-8,FqI2bRGnM5Wv2vV1xfh4Y1UiXg0=,qxV6Rov21hpl0Mn7jvL35QhpGZU=
14,-13,FqI2bRGnM5Wv2vV1xfh4Y1UiXg0=,qxV6Rov21hpl0Mn7jvL35QhpGZU=
6,-9,FqI2bRGnM5Wv2vV1xfh4Y1UiXg0=,qxV6Rov21hpl0Mn7jvL35QhpGZU=
5,-9,FqI2bRGnM5Wv2vV1xfh4Y1UiXg0=,qxV6Rov21hpl0Mn7jvL35QhpGZU=
4,-9,FqI2bRGnM5Wv2vV1xfh4Y1UiXg0=,qxV6Rov21hpl0Mn7jvL35QhpGZU=
13,-13,FqI2bRGnM5Wv2vV1xfh4Y1UiXg0=,qxV6Rov21hpl0Mn7jvL35QhpGZU=
3,-9,FqI2bRGnM5Wv2vV1xfh4Y1UiXg0=,qxV6Rov21hpl0Mn7jvL35QhpGZU=
5,-7,FqI2bRGnM5Wv2vV1xfh4Y1UiXg0=,qxV6Rov21hpl0Mn7jvL35QhpGZU=
6,-6,FqI2bRGnM5Wv2vV1xfh4Y1UiXg0=,qxV6Rov21hpl0Mn7jvL35QhpGZU=
11,-7,FqI2bRGnM5Wv2vV1xfh4Y1UiXg0=,qxV6Rov21hpl0Mn7jvL35QhpGZU=
14,-15,FqI2bRGnM5Wv2vV1xfh4Y1UiXg0=,qxV6Rov21hpl0Mn7jvL35QhpGZU=
10,-7,FqI2bRGnM5Wv2vV1xfh4Y1UiXg0=,qxV6Rov21hpl0Mn7jvL35QhpGZU=
1,-12,FqI2bRGnM5Wv2vV1xfh4Y1UiXg0=,qxV6Rov21hpl0Mn7jvL35QhpGZU=
5,-16,FqI2bRGnM5Wv2vV1xfh4Y1UiXg0=,qxV6Rov21hpl0Mn7jvL35QhpGZU=
0,-11,FqI2bRGnM5Wv2vV1xfh4Y1UiXg0=,qxV6Rov21hpl0Mn7jvL35QhpGZU=
12,-13,FqI2bRGnM5Wv2vV1xfh4Y1UiXg0=,qxV6Rov21hpl0Mn7jvL35QhpGZU=
14,-8,FqI2bRGnM5Wv2vV1xfh4Y1UiXg0=,qxV6Rov21hpl0Mn7jvL35QhpGZU=
13,-15,FqI2bRGnM5Wv2vV1xfh4Y1UiXg0=,qxV6Rov21hpl0Mn7jvL35QhpGZU=
11,-14,FqI2bRGnM5Wv2vV1xfh4Y1UiXg0=,qxV6Rov21hpl0Mn7jvL35QhpGZU=
12,-8,FqI2bRGnM5Wv2vV1xfh4Y1UiXg0=,qxV6Rov21hpl0Mn7jvL35QhpGZU=
0,-7,FqI2bRGnM5Wv2vV1xfh4Y1UiXg0=,qxV6Rov21hpl0Mn7jvL35QhpGZU=
7,-8,FqI2bRGnM5Wv2vV1xfh4Y1UiXg0=,qxV6Rov21hpl0Mn7jvL35QhpGZU=
10,-9,FqI2bRGnM5Wv2vV1xfh4Y1UiXg0=,qxV6Rov21hpl0Mn7jvL35QhpGZU=
11,-9,FqI2bRGnM5Wv2vV1xfh4Y1UiXg0=,qxV6Rov21hpl0Mn7jvL35QhpGZU=
9,-8,FqI2bRGnM5Wv2vV1xfh4Y1UiXg0=,qxV6Rov21hpl0Mn7jvL35QhpGZU=
6,-10,FqI2bRGnM5Wv2vV1xfh4Y1UiXg0=,qxV6Rov21hpl0Mn7jvL35QhpGZU=
5,-10,FqI2bRGnM5Wv2vV1xfh4Y1UiXg0=,qxV6Rov21hpl0Mn7jvL35QhpGZU=
4,-10,FqI2bRGnM5Wv2vV1xfh4Y1UiXg0=,qxV6Rov21hpl0Mn7jvL35QhpGZU=
2,-7,FqI2bRGnM5Wv2vV1xfh4Y1UiXg0=,qxV6Rov21hpl0Mn7jvL35QhpGZU=
12,-15,FqI2bRGnM5Wv2vV1xfh4Y1UiXg0=,qxV6Rov21hpl0Mn7jvL35QhpGZU=
11,-15,FqI2bRGnM5Wv2vV1xfh4Y1UiXg0=,qxV6Rov21hpl0Mn7jvL35QhpGZU=
3,-10,FqI2bRGnM5Wv2vV1xfh4Y1UiXg0=,qxV6Rov21hpl0Mn7jvL35QhpGZU=
7,-10,FqI2bRGnM5Wv2vV1xfh4Y1UiXg0=,qxV6Rov21hpl0Mn7jvL35QhpGZU=
1,-9,FqI2bRGnM5Wv2vV1xfh4Y1UiXg0=,qxV6Rov21hpl0Mn7jvL35QhpGZU=
11,-13,FqI2bRGnM5Wv2vV1xfh4Y1UiXg0=,qxV6Rov21hpl0Mn7jvL35QhpGZU=
0,-8,FqI2bRGnM5Wv2vV1xfh4Y1UiXg0=,qxV6Rov21hpl0Mn7jvL35QhpGZU=
12,-9,FqI2bRGnM5Wv2vV1xfh4Y1UiXg0=,qxV6Rov21hpl0Mn7jvL35QhpGZU=
13,-9,FqI2bRGnM5Wv2vV1xfh4Y1UiXg0=,qxV6Rov21hpl0Mn7jvL35QhpGZU=
7,-9,FqI2bRGnM5Wv2vV1xfh4Y1UiXg0=,qxV6Rov21hpl0Mn7jvL35QhpGZU=
15,-9,FqI2bRGnM5Wv2vV1xfh4Y1UiXg0=,qxV6Rov21hpl0Mn7jvL35QhpGZU=
10,-13,FqI2bRGnM5Wv2vV1xfh4Y1UiXg0=,qxV6Rov21hpl0Mn7jvL35QhpGZU=
10,-15,FqI2bRGnM5Wv2vV1xfh4Y1UiXg0=,qxV6Rov21hpl0Mn7jvL35QhpGZU=
15,-3,FqI2bRGnM5Wv2vV1xfh4Y1UiXg0=,qxV6Rov21hpl0Mn7jvL35QhpGZU=
10,-8,FqI2bRGnM5Wv2vV1xfh4Y1UiXg0=,qxV6Rov21hpl0Mn7jvL35QhpGZU=
15,-11,FqI2bRGnM5Wv2vV1xfh4Y1UiXg0=,qxV6Rov21hpl0Mn7jvL35QhpGZU=
6,-11,FqI2bRGnM5Wv2vV1xfh4Y1UiXg0=,qxV6Rov21hpl0Mn7jvL35QhpGZU=
7,-11,FqI2bRGnM5Wv2vV1xfh4Y1UiXg0=,qxV6Rov21hpl0Mn7jvL35QhpGZU=
5,-11,FqI2bRGnM5Wv2vV1xfh4Y1UiXg0=,qxV6Rov21hpl0Mn7jvL35QhpGZU=
4,-11,FqI2bRGnM5Wv2vV1xfh4Y1UiXg0=,qxV6Rov21hpl0Mn7jvL35QhpGZU=
2,-9,FqI2bRGnM5Wv2vV1xfh4Y1UiXg0=,qxV6Rov21hpl0Mn7jvL35QhpGZU=
3,-11,FqI2bRGnM5Wv2vV1xfh4Y1UiXg0=,qxV6Rov21hpl0Mn7jvL35QhpGZU=
0,-10,FqI2bRGnM5Wv2vV1xfh4Y1UiXg0=,qxV6Rov21hpl0Mn7jvL35QhpGZU=
9,-9,FqI2bRGnM5Wv2vV1xfh4Y1UiXg0=,qxV6Rov21hpl0Mn7jvL35QhpGZU=
8,-9,FqI2bRGnM5Wv2vV1xfh4Y1UiXg0=,qxV6Rov21hpl0Mn7jvL35QhpGZU=
1,-8,FqI2bRGnM5Wv2vV1xfh4Y1UiXg0=,qxV6Rov21hpl0Mn7jvL35QhpGZU=
14,-9,FqI2bRGnM5Wv2vV1xfh4Y1UiXg0=,qxV6Rov21hpl0Mn7jvL35QhpGZU=
13,-10,FqI2bRGnM5Wv2vV1xfh4Y1UiXg0=,qxV6Rov21hpl0Mn7jvL35QhpGZU=
12,-10,FqI2bRGnM5Wv2vV1xfh4Y1UiXg0=,qxV6Rov21hpl0Mn7jvL35QhpGZU=
8,-11,FqI2bRGnM5Wv2vV1xfh4Y1UiXg0=,qxV6Rov21hpl0Mn7jvL35QhpGZU=
14,-11,FqI2bRGnM5Wv2vV1xfh4Y1UiXg0=,qxV6Rov21hpl0Mn7jvL35QhpGZU=
13,-8,FqI2bRGnM5Wv2vV1xfh4Y1UiXg0=,qxV6Rov21hpl0Mn7jvL35QhpGZU=
1,-11,FqI2bRGnM5Wv2vV1xfh4Y1UiXg0=,qxV6Rov21hpl0Mn7jvL35QhpGZU=
12,-11,FqI2bRGnM5Wv2vV1xfh4Y1UiXg0=,qxV6Rov21hpl0Mn7jvL35QhpGZU=
8,-8,FqI2bRGnM5Wv2vV1xfh4Y1UiXg0=,qxV6Rov21hpl0Mn7jvL35QhpGZU=
5,-8,FqI2bRGnM5Wv2vV1xfh4Y1UiXg0=,qxV6Rov21hpl0Mn7jvL35QhpGZU=
13,-11,FqI2bRGnM5Wv2vV1xfh4Y1UiXg0=,qxV6Rov21hpl0Mn7jvL35QhpGZU=
0,-4,FqI2bRGnM5Wv2vV1xfh4Y1UiXg0=,qxV6Rov21hpl0Mn7jvL35QhpGZU=
10,-10,FqI2bRGnM5Wv2vV1xfh4Y1UiXg0=,qxV6Rov21hpl0Mn7jvL35QhpGZU=
2,-8,FqI2bRGnM5Wv2vV1xfh4Y1UiXg0=,qxV6Rov21hpl0Mn7jvL35QhpGZU=
9,-11,FqI2bRGnM5Wv2vV1xfh4Y1UiXg0=,qxV6Rov21hpl0Mn7jvL35QhpGZU=
0,-12,FqI2bRGnM5Wv2vV1xfh4Y1UiXg0=,qxV6Rov21hpl0Mn7jvL35QhpGZU=
10,-11,FqI2bRGnM5Wv2vV1xfh4Y1UiXg0=,qxV6Rov21hpl0Mn7jvL35QhpGZU=
11,-11,FqI2bRGnM5Wv2vV1xfh4Y1UiXg0=,qxV6Rov21hpl0Mn7jvL35QhpGZU=
11,-10,FqI2bRGnM5Wv2vV1xfh4Y1UiXg0=,qxV6Rov21hpl0Mn7jvL35QhpGZU=
8,-10,FqI2bRGnM5Wv2vV1xfh4Y1UiXg0=,qxV6Rov21hpl0Mn7jvL35QhpGZU=
6,-8,FqI2bRGnM5Wv2vV1xfh4Y1UiXg0=,qxV6Rov21hpl0Mn7jvL35QhpGZU=
2,-11,FqI2bRGnM5Wv2vV1xfh4Y1UiXg0=,qxV6Rov21hpl0Mn7jvL35QhpGZU=
1,-7,FqI2bRGnM5Wv2vV1xfh4Y1UiXg0=,qxV6Rov21hpl0Mn7jvL35QhpGZU=
11,-8,FqI2bRGnM5Wv2vV1xfh4Y1UiXg0=,qxV6Rov21hpl0Mn7jvL35QhpGZU=
1,-10,FqI2bRGnM5Wv2vV1xfh4Y1UiXg0=,qxV6Rov21hpl0Mn7jvL35QhpGZU=
15,-10,FqI2bRGnM5Wv2vV1xfh4Y1UiXg0=,qxV6Rov21hpl0Mn7jvL35QhpGZU=
9,-10,FqI2bRGnM5Wv2vV1xfh4Y1UiXg0=,qxV6Rov21hpl0Mn7jvL35QhpGZU=
14,-10,FqI2bRGnM5Wv2vV1xfh4Y1UiXg0=,qxV6Rov21hpl0Mn7jvL35QhpGZU=
0,-9,FqI2bRGnM5Wv2vV1xfh4Y1UiXg0=,qxV6Rov21hpl0Mn7jvL35QhpGZU=
2,-10,FqI2bRGnM5Wv2vV1xfh4Y1UiXg0=,qxV6Rov21hpl0Mn7jvL35QhpGZU=
21,-16,LYR6knrWyZlUkXXp6bDEfbnCWIk=,jOrgtAr+q+fo9Dkv91iSm05i5tA=
16,-16,LYR6knrWyZlUkXXp6bDEfbnCWIk=,jOrgtAr+q+fo9Dkv91iSm05i5tA=
22,-13,LYR6knrWyZlUkXXp6bDEfbnCWIk=,jOrgtAr+q+fo9Dkv91iSm05i5tA=
22,-15,LYR6knrWyZlUkXXp6bDEfbnCWIk=,jOrgtAr+q+fo9Dkv91iSm05i5tA=
21,-13,LYR6knrWyZlUkXXp6bDEfbnCWIk=,jOrgtAr+q+fo9Dkv91iSm05i5tA=
23,-15,LYR6knrWyZlUkXXp6bDEfbnCWIk=,jOrgtAr+q+fo9Dkv91iSm05i5tA=
24,-15,LYR6knrWyZlUkXXp6bDEfbnCWIk=,jOrgtAr+q+fo9Dkv91iSm05i5tA=
19,-16,LYR6knrWyZlUkXXp6bDEfbnCWIk=,jOrgtAr+q+fo9Dkv91iSm05i5tA=
21,-14,LYR6knrWyZlUkXXp6bDEfbnCWIk=,jOrgtAr+q+fo9Dkv91iSm05i5tA=
23,-13,LYR6knrWyZlUkXXp6bDEfbnCWIk=,jOrgtAr+q+fo9Dkv91iSm05i5tA=
20,-14,LYR6knrWyZlUkXXp6bDEfbnCWIk=,jOrgtAr+q+fo9Dkv91iSm05i5tA=
24,-13,LYR6knrWyZlUkXXp6bDEfbnCWIk=,jOrgtAr+q+fo9Dkv91iSm05i5tA=
21,-15,LYR6knrWyZlUkXXp6bDEfbnCWIk=,jOrgtAr+q+fo9Dkv91iSm05i5tA=
20,-15,LYR6knrWyZlUkXXp6bDEfbnCWIk=,jOrgtAr+q+fo9Dkv91iSm05i5tA=
17,-16,LYR6knrWyZlUkXXp6bDEfbnCWIk=,jOrgtAr+q+fo9Dkv91iSm05i5tA=
20,-13,LYR6knrWyZlUkXXp6bDEfbnCWIk=,jOrgtAr+q+fo9Dkv91iSm05i5tA=
25,-15,LYR6knrWyZlUkXXp6bDEfbnCWIk=,jOrgtAr+q+fo9Dkv91iSm05i5tA=
30,-1,LYR6knrWyZlUkXXp6bDEfbnCWIk=,jOrgtAr+q+fo9Dkv91iSm05i5tA=
25,-13,LYR6knrWyZlUkXXp6bDEfbnCWIk=,jOrgtAr+q+fo9Dkv91iSm05i5tA=
29,-1,LYR6knrWyZlUkXXp6bDEfbnCWIk=,jOrgtAr+q+fo9Dkv91iSm05i5tA=
26,-13,LYR6knrWyZlUkXXp6bDEfbnCWIk=,jOrgtAr+q+fo9Dkv91iSm05i5tA=
28,-1,LYR6knrWyZlUkXXp6bDEfbnCWIk=,jOrgtAr+q+fo9Dkv91iSm05i5tA=
27,-13,LYR6knrWyZlUkXXp6bDEfbnCWIk=,jOrgtAr+q+fo9Dkv91iSm05i5tA=
27,-1,LYR6knrWyZlUkXXp6bDEfbnCWIk=,jOrgtAr+q+fo9Dkv91iSm05i5tA=
25,-1,LYR6knrWyZlUkXXp6bDEfbnCWIk=,jOrgtAr+q+fo9Dkv91iSm05i5tA=
24,-1,LYR6knrWyZlUkXXp6bDEfbnCWIk=,jOrgtAr+q+fo9Dkv91iSm05i5tA=
28,-13,LYR6knrWyZlUkXXp6bDEfbnCWIk=,jOrgtAr+q+fo9Dkv91iSm05i5tA=
26,-1,LYR6knrWyZlUkXXp6bDEfbnCWIk=,jOrgtAr+q+fo9Dkv91iSm05i5tA=
29,-13,LYR6knrWyZlUkXXp6bDEfbnCWIk=,jOrgtAr+q+fo9Dkv91iSm05i5tA=
23,-1,LYR6knrWyZlUkXXp6bDEfbnCWIk=,jOrgtAr+q+fo9Dkv91iSm05i5tA=
22,-1,LYR6knrWyZlUkXXp6bDEfbnCWIk=,jOrgtAr+q+fo9Dkv91iSm05i5tA=
30,-13,LYR6knrWyZlUkXXp6bDEfbnCWIk=,jOrgtAr+q+fo9Dkv91iSm05i5tA=
31,-13,LYR6knrWyZlUkXXp6bDEfbnCWIk=,jOrgtAr+q+fo9Dkv91iSm05i5tA=
16,-12,LYR6knrWyZlUkXXp6bDEfbnCWIk=,jOrgtAr+q+fo9Dkv91iSm05i5tA=
26,-15,LYR6knrWyZlUkXXp6bDEfbnCWIk=,jOrgtAr+q+fo9Dkv91iSm05i5tA=
27,-15,LYR6knrWyZlUkXXp6bDEfbnCWIk=,jOrgtAr+q+fo9Dkv91iSm05i5tA=
28,-15,LYR6knrWyZlUkXXp6bDEfbnCWIk=,jOrgtAr+q+fo9Dkv91iSm05i5tA=
29,-15,LYR6knrWyZlUkXXp6bDEfbnCWIk=,jOrgtAr+q+fo9Dkv91iSm05i5tA=
30,-15,LYR6knrWyZlUkXXp6bDEfbnCWIk=,jOrgtAr+q+fo9Dkv91iSm05i5tA=
31,-15,LYR6knrWyZlUkXXp6bDEfbnCWIk=,jOrgtAr+q+fo9Dkv91iSm05i5tA=
16,-14,LYR6knrWyZlUkXXp6bDEfbnCWIk=,jOrgtAr+q+fo9Dkv91iSm05i5tA=
18,-16,LYR6knrWyZlUkXXp6bDEfbnCWIk=,jOrgtAr+q+fo9Dkv91iSm05i5tA=
22,-16,LYR6knrWyZlUkXXp6bDEfbnCWIk=,jOrgtAr+q+fo9Dkv91iSm05i5tA=
17,-12,LYR6knrWyZlUkXXp6bDEfbnCWIk=,jOrgtAr+q+fo9Dkv91iSm05i5tA=
18,-12,LYR6knrWyZlUkXXp6bDEfbnCWIk=,jOrgtAr+q+fo9Dkv91iSm05i5tA=
19,-12,LYR6knrWyZlUkXXp6bDEfbnCWIk=,jOrgtAr+q+fo9Dkv91iSm05i5tA=
20,-16,LYR6knrWyZlUkXXp6bDEfbnCWIk=,jOrgtAr+q+fo9Dkv91iSm05i5tA=
20,-12,LYR6knrWyZlUkXXp6bDEfbnCWIk=,jOrgtAr+q+fo9Dkv91iSm05i5tA=
19,-13,LYR6knrWyZlUkXXp6bDEfbnCWIk=,jOrgtAr+q+fo9Dkv91iSm05i5tA=
21,-12,LYR6knrWyZlUkXXp6bDEfbnCWIk=,jOrgtAr+q+fo9Dkv91iSm05i5tA=
17,-1,LYR6knrWyZlUkXXp6bDEfbnCWIk=,jOrgtAr+q+fo9Dkv91iSm05i5tA=
18,-1,LYR6knrWyZlUkXXp6bDEfbnCWIk=,jOrgtAr+q+fo9Dkv91iSm05i5tA=
22,-12,LYR6knrWyZlUkXXp6bDEfbnCWIk=,jOrgtAr+q+fo9Dkv91iSm05i5tA=
23,-12,LYR6knrWyZlUkXXp6bDEfbnCWIk=,jOrgtAr+q+fo9Dkv91iSm05i5tA=
16,-1,LYR6knrWyZlUkXXp6bDEfbnCWIk=,jOrgtAr+q+fo9Dkv91iSm05i5tA=
17,-14,LYR6knrWyZlUkXXp6bDEfbnCWIk=,jOrgtAr+q+fo9Dkv91iSm05i5tA=
30,-2,LYR6knrWyZlUkXXp6bDEfbnCWIk=,jOrgtAr+q+fo9Dkv91iSm05i5tA=
29,-2,LYR6knrWyZlUkXXp6bDEfbnCWIk=,jOrgtAr+q+fo9Dkv91iSm05i5tA=
24,-12,LYR6knrWyZlUkXXp6bDEfbnCWIk=,jOrgtAr+q+fo9Dkv91iSm05i5tA=
28,-2,LYR6knrWyZlUkXXp6bDEfbnCWIk=,jOrgtAr+q+fo9Dkv91iSm05i5tA=
25,-12,LYR6knrWyZlUkXXp6bDEfbnCWIk=,jOrgtAr+q+fo9Dkv91iSm05i5tA=
27,-2,LYR6knrWyZlUkXXp6bDEfbnCWIk=,jOrgtAr+q+fo9Dkv91iSm05i5tA=
26,-12,LYR6knrWyZlUkXXp6bDEfbnCWIk=,jOrgtAr+q+fo9Dkv91iSm05i5tA=
26,-2,LYR6knrWyZlUkXXp6bDEfbnCWIk=,jOrgtAr+q+fo9Dkv91iSm05i5tA=
27,-12,LYR6knrWyZlUkXXp6bDEfbnCWIk=,jOrgtAr+q+fo9Dkv91iSm05i5tA=
22,-14,LYR6knrWyZlUkXXp6bDEfbnCWIk=,jOrgtAr+q+fo9Dkv91iSm05i5tA=
23,-16,LYR6knrWyZlUkXXp6bDEfbnCWIk=,jOrgtAr+q+fo9Dkv91iSm05i5tA=
24,-2,LYR6knrWyZlUkXXp6bDEfbnCWIk=,jOrgtAr+q+fo9Dkv91iSm05i5tA=
28,-12,LYR6knrWyZlUkXXp6bDEfbnCWIk=,jOrgtAr+q+fo9Dkv91iSm05i5tA=
23,-2,LYR6knrWyZlUkXXp6bDEfbnCWIk=,jOrgtAr+q+fo9Dkv91iSm05i5tA=
29,-12,LYR6knrWyZlUkXXp6bDEfbnCWIk=,jOrgtAr+q+fo9Dkv91iSm05i5tA=
30,-12,LYR6knrWyZlUkXXp6bDEfbnCWIk=,jOrgtAr+q+fo9Dkv91iSm05i5tA=
31,-12,LYR6knrWyZlUkXXp6bDEfbnCWIk=,jOrgtAr+q+fo9Dkv91iSm05i5tA=
19,-15,LYR6knrWyZlUkXXp6bDEfbnCWIk=,jOrgtAr+q+fo9Dkv91iSm05i5tA=
18,-13,LYR6knrWyZlUkXXp6bDEfbnCWIk=,jOrgtAr+q+fo9Dkv91iSm05i5tA=
17,-2,LYR6knrWyZlUkXXp6bDEfbnCWIk=,jOrgtAr+q+fo9Dkv91iSm05i5tA=
16,-2,LYR6knrWyZlUkXXp6bDEfbnCWIk=,jOrgtAr+q+fo9Dkv91iSm05i5tA=
30,-3,LYR6knrWyZlUkXXp6bDEfbnCWIk=,jOrgtAr+q+fo9Dkv91iSm05i5tA=
29,-3,LYR6knrWyZlUkXXp6bDEfbnCWIk=,jOrgtAr+q+fo9Dkv91iSm05i5tA=
28,-3,LYR6knrWyZlUkXXp6bDEfbnCWIk=,jOrgtAr+q+fo9Dkv91iSm05i5tA=
25,-2,LYR6knrWyZlUkXXp6bDEfbnCWIk=,jOrgtAr+q+fo9Dkv91iSm05i5tA=
31,-3,LYR6knrWyZlUkXXp6bDEfbnCWIk=,jOrgtAr+q+fo9Dkv91iSm05i5tA=
16,-11,LYR6knrWyZlUkXXp6bDEfbnCWIk=,jOrgtAr+q+fo9Dkv91iSm05i5tA=
17,-11,LYR6knrWyZlUkXXp6bDEfbnCWIk=,jOrgtAr+q+fo9Dkv91iSm05i5tA=
18,-11,LYR6knrWyZlUkXXp6bDEfbnCWIk=,jOrgtAr+q+fo9Dkv91iSm05i5tA=
19,-11,LYR6knrWyZlUkXXp6bDEfbnCWIk=,jOrgtAr+q+fo9Dkv91iSm05i5tA=
20,-11,LYR6knrWyZlUkXXp6bDEfbnCWIk=,jOrgtAr+q+fo9Dkv91iSm05i5tA=
21,-11,LYR6knrWyZlUkXXp6bDEfbnCWIk=,jOrgtAr+q+fo9Dkv91iSm05i5tA=
22,-11,LYR6knrWyZlUkXXp6bDEfbnCWIk=,jOrgtAr+q+fo9Dkv91iSm05i5tA=
23,-11,LYR6knrWyZlUkXXp6bDEfbnCWIk=,jOrgtAr+q+fo9Dkv91iSm05i5tA=
24,-11,LYR6knrWyZlUkXXp6bDEfbnCWIk=,jOrgtAr+q+fo9Dkv91iSm05i5tA=
25,-11,LYR6knrWyZlUkXXp6bDEfbnCWIk=,jOrgtAr+q+fo9Dkv91iSm05i5tA=
26,-11,LYR6knrWyZlUkXXp6bDEfbnCWIk=,jOrgtAr+q+fo9Dkv91iSm05i5tA=
27,-11,LYR6knrWyZlUkXXp6bDEfbnCWIk=,jOrgtAr+q+fo9Dkv91iSm05i5tA=
23,-14,LYR6knrWyZlUkXXp6bDEfbnCWIk=,jOrgtAr+q+fo9Dkv91iSm05i5tA=
28,-11,LYR6knrWyZlUkXXp6bDEfbnCWIk=,jOrgtAr+q+fo9Dkv91iSm05i5tA=
24,-16,LYR6knrWyZlUkXXp6bDEfbnCWIk=,jOrgtAr+q+fo9Dkv91iSm05i5tA=
29,-11,LYR6knrWyZlUkXXp6bDEfbnCWIk=,jOrgtAr+q+fo9Dkv91iSm05i5tA=
30,-11,LYR6knrWyZlUkXXp6bDEfbnCWIk=,jOrgtAr+q+fo9Dkv91iSm05i5tA=
31,-11,LYR6knrWyZlUkXXp6bDEfbnCWIk=,jOrgtAr+q+fo9Dkv91iSm05i5tA=
22,-2,LYR6knrWyZlUkXXp6bDEfbnCWIk=,jOrgtAr+q+fo9Dkv91iSm05i5tA=
31,-2,LYR6knrWyZlUkXXp6bDEfbnCWIk=,jOrgtAr+q+fo9Dkv91iSm05i5tA=
31,-1,LYR6knrWyZlUkXXp6bDEfbnCWIk=,jOrgtAr+q+fo9Dkv91iSm05i5tA=
27,-3,LYR6knrWyZlUkXXp6bDEfbnCWIk=,jOrgtAr+q+fo9Dkv91iSm05i5tA=
20,-1,LYR6knrWyZlUkXXp6bDEfbnCWIk=,jOrgtAr+q+fo9Dkv91iSm05i5tA=
18,-15,LYR6knrWyZlUkXXp6bDEfbnCWIk=,jOrgtAr+q+fo9Dkv91iSm05i5tA=
17,-13,LYR6knrWyZlUkXXp6bDEfbnCWIk=,jOrgtAr+q+fo9Dkv91iSm05i5tA=
21,-1,LYR6knrWyZlUkXXp6bDEfbnCWIk=,jOrgtAr+q+fo9Dkv91iSm05i5tA=
26,-3,LYR6knrWyZlUkXXp6bDEfbnCWIk=,jOrgtAr+q+fo9Dkv91iSm05i5tA=
18,-2,LYR6knrWyZlUkXXp6bDEfbnCWIk=,jOrgtAr+q+fo9Dkv91iSm05i5tA=
21,-3,LYR6knrWyZlUkXXp6bDEfbnCWIk=,jOrgtAr+q+fo9Dkv91iSm05i5tA=
25,-3,LYR6knrWyZlUkXXp6bDEfbnCWIk=,jOrgtAr+q+fo9Dkv91iSm05i5tA=
24,-3,LYR6knrWyZlUkXXp6bDEfbnCWIk=,jOrgtAr+q+fo9Dkv91iSm05i5tA=
22,-3,LYR6knrWyZlUkXXp6bDEfbnCWIk=,jOrgtAr+q+fo9Dkv91iSm05i5tA=
19,-1,LYR6knrWyZlUkXXp6bDEfbnCWIk=,jOrgtAr+q+fo9Dkv91iSm05i5tA=
29,-4,LYR6knrWyZlUkXXp6bDEfbnCWIk=,jOrgtAr+q+fo9Dkv91iSm05i5tA=
19,-2,LYR6knrWyZlUkXXp6bDEfbnCWIk=,jOrgtAr+q+fo9Dkv91iSm05i5tA=
20,-3,LYR6knrWyZlUkXXp6bDEfbnCWIk=,jOrgtAr+q+fo9Dkv91iSm05i5tA=
28,-4,LYR6knrWyZlUkXXp6bDEfbnCWIk=,jOrgtAr+q+fo9Dkv91iSm05i5tA=
21,-2,LYR6knrWyZlUkXXp6bDEfbnCWIk=,jOrgtAr+q+fo9Dkv91iSm05i5tA=
31,-4,LYR6knrWyZlUkXXp6bDEfbnCWIk=,jOrgtAr+q+fo9Dkv91iSm05i5tA=
17,-15,LYR6knrWyZlUkXXp6bDEfbnCWIk=,jOrgtAr+q+fo9Dkv91iSm05i5tA=
20,-2,LYR6knrWyZlUkXXp6bDEfbnCWIk=,jOrgtAr+q+fo9Dkv91iSm05i5tA=
16,-13,LYR6knrWyZlUkXXp6bDEfbnCWIk=,jOrgtAr+q+fo9Dkv91iSm05i5tA=
19,-3,LYR6knrWyZlUkXXp6bDEfbnCWIk=,jOrgtAr+q+fo9Dkv91iSm05i5tA=
23,-3,LYR6knrWyZlUkXXp6bDEfbnCWIk=,jOrgtAr+q+fo9Dkv91iSm05i5tA=
27,-4,LYR6knrWyZlUkXXp6bDEfbnCWIk=,jOrgtAr+q+fo9Dkv91iSm05i5tA=
24,-4,LYR6knrWyZlUkXXp6bDEfbnCWIk=,jOrgtAr+q+fo9Dkv91iSm05i5tA=
30,-4,LYR6knrWyZlUkXXp6bDEfbnCWIk=,jOrgtAr+q+fo9Dkv91iSm05i5tA=
25,-4,LYR6knrWyZlUkXXp6bDEfbnCWIk=,jOrgtAr+q+fo9Dkv91iSm05i5tA=
23,-4,LYR6knrWyZlUkXXp6bDEfbnCWIk=,jOrgtAr+q+fo9Dkv91iSm05i5tA=
16,-10,LYR6knrWyZlUkXXp6bDEfbnCWIk=,jOrgtAr+q+fo9Dkv91iSm05i5tA=
22,-4,LYR6knrWyZlUkXXp6bDEfbnCWIk=,jOrgtAr+q+fo9Dkv91iSm05i5tA=
17,-10,LYR6knrWyZlUkXXp6bDEfbnCWIk=,jOrgtAr+q+fo9Dkv91iSm05i5tA=
21,-4,LYR6knrWyZlUkXXp6bDEfbnCWIk=,jOrgtAr+q+fo9Dkv91iSm05i5tA=
29,-5,LYR6knrWyZlUkXXp6bDEfbnCWIk=,jOrgtAr+q+fo9Dkv91iSm05i5tA=
16,-15,LYR6knrWyZlUkXXp6bDEfbnCWIk=,jOrgtAr+q+fo9Dkv91iSm05i5tA=
18,-10,LYR6knrWyZlUkXXp6bDEfbnCWIk=,jOrgtAr+q+fo9Dkv91iSm05i5tA=
19,-10,LYR6knrWyZlUkXXp6bDEfbnCWIk=,jOrgtAr+q+fo9Dkv91iSm05i5tA=
20,-10,LYR6knrWyZlUkXXp6bDEfbnCWIk=,jOrgtAr+q+fo9Dkv91iSm05i5tA=
21,-10,LYR6knrWyZlUkXXp6bDEfbnCWIk=,jOrgtAr+q+fo9Dkv91iSm05i5tA=
22,-10,LYR6knrWyZlUkXXp6bDEfbnCWIk=,jOrgtAr+q+fo9Dkv91iSm05i5tA=
23,-10,LYR6knrWyZlUkXXp6bDEfbnCWIk=,jOrgtAr+q+fo9Dkv91iSm05i5tA=
24,-10,LYR6knrWyZlUkXXp6bDEfbnCWIk=,jOrgtAr+q+fo9Dkv91iSm05i5tA=
25,-10,LYR6knrWyZlUkXXp6bDEfbnCWIk=,jOrgtAr+q+fo9Dkv91iSm05i5tA=
26,-10,LYR6knrWyZlUkXXp6bDEfbnCWIk=,jOrgtAr+q+fo9Dkv91iSm05i5tA=
27,-10,LYR6knrWyZlUkXXp6bDEfbnCWIk=,jOrgtAr+q+fo9Dkv91iSm05i5tA=
28,-10,LYR6knrWyZlUkXXp6bDEfbnCWIk=,jOrgtAr+q+fo9Dkv91iSm05i5tA=
29,-10,LYR6knrWyZlUkXXp6bDEfbnCWIk=,jOrgtAr+q+fo9Dkv91iSm05i5tA=
30,-10,LYR6knrWyZlUkXXp6bDEfbnCWIk=,jOrgtAr+q+fo9Dkv91iSm05i5tA=
18,-14,LYR6knrWyZlUkXXp6bDEfbnCWIk=,jOrgtAr+q+fo9Dkv91iSm05i5tA=
31,-10,LYR6knrWyZlUkXXp6bDEfbnCWIk=,jOrgtAr+q+fo9Dkv91iSm05i5tA=
20,-4,LYR6knrWyZlUkXXp6bDEfbnCWIk=,jOrgtAr+q+fo9Dkv91iSm05i5tA=
24,-14,LYR6knrWyZlUkXXp6bDEfbnCWIk=,jOrgtAr+q+fo9Dkv91iSm05i5tA=
30,-5,LYR6knrWyZlUkXXp6bDEfbnCWIk=,jOrgtAr+q+fo9Dkv91iSm05i5tA=
31,-5,LYR6knrWyZlUkXXp6bDEfbnCWIk=,jOrgtAr+q+fo9Dkv91iSm05i5tA=
28,-5,LYR6knrWyZlUkXXp6bDEfbnCWIk=,jOrgtAr+q+fo9Dkv91iSm05i5tA=
17,-4,LYR6knrWyZlUkXXp6bDEfbnCWIk=,jOrgtAr+q+fo9Dkv91iSm05i5tA=
23,-5,LYR6knrWyZlUkXXp6bDEfbnCWIk=,jOrgtAr+q+fo9Dkv91iSm05i5tA=
24,-5,LYR6knrWyZlUkXXp6bDEfbnCWIk=,jOrgtAr+q+fo9Dkv91iSm05i5tA=
31,-14,LYR6knrWyZlUkXXp6bDEfbnCWIk=,jOrgtAr+q+fo9Dkv91iSm05i5tA=
19,-14,LYR6knrWyZlUkXXp6bDEfbnCWIk=,jOrgtAr+q+fo9Dkv91iSm05i5tA=
18,-4,LYR6knrWyZlUkXXp6bDEfbnCWIk=,jOrgtAr+q+fo9Dkv91iSm05i5tA=
19,-4,LYR6knrWyZlUkXXp6bDEfbnCWIk=,jOrgtAr+q+fo9Dkv91iSm05i5tA=
31,-16,LYR6knrWyZlUkXXp6bDEfbnCWIk=,jOrgtAr+q+fo9Dkv91iSm05i5tA=
30,-14,LYR6knrWyZlUkXXp6bDEfbnCWIk=,jOrgtAr+q+fo9Dkv91iSm05i5tA=
18,-3,LYR6knrWyZlUkXXp6bDEfbnCWIk=,jOrgtAr+q+fo9Dkv91iSm05i5tA=
26,-5,LYR6knrWyZlUkXXp6bDEfbnCWIk=,jOrgtAr+q+fo9Dkv91iSm05i5tA=
27,-5,LYR6knrWyZlUkXXp6bDEfbnCWIk=,jOrgtAr+q+fo9Dkv91iSm05i5tA=
16,-4,LYR6knrWyZlUkXXp6bDEfbnCWIk=,jOrgtAr+q+fo9Dkv91iSm05i5tA=
26,-4,LYR6knrWyZlUkXXp6bDEfbnCWIk=,jOrgtAr+q+fo9Dkv91iSm05i5tA=
25,-5,LYR6knrWyZlUkXXp6bDEfbnCWIk=,jOrgtAr+q+fo9Dkv91iSm05i5tA=
26,-6,LYR6knrWyZlUkXXp6bDEfbnCWIk=,jOrgtAr+q+fo9Dkv91iSm05i5tA=
25,-6,LYR6knrWyZlUkXXp6bDEfbnCWIk=,jOrgtAr+q+fo9Dkv91iSm05i5tA=
28,-6,LYR6knrWyZlUkXXp6bDEfbnCWIk=,jOrgtAr+q+fo9Dkv91iSm05i5tA=
24,-6,LYR6knrWyZlUkXXp6bDEfbnCWIk=,jOrgtAr+q+fo9Dkv91iSm05i5tA=
23,-6,LYR6knrWyZlUkXXp6bDEfbnCWIk=,jOrgtAr+q+fo9Dkv91iSm05i5tA=
22,-6,LYR6knrWyZlUkXXp6bDEfbnCWIk=,jOrgtAr+q+fo9Dkv91iSm05i5tA=
16,-3,LYR6knrWyZlUkXXp6bDEfbnCWIk=,jOrgtAr+q+fo9Dkv91iSm05i5tA=
30,-6,LYR6knrWyZlUkXXp6bDEfbnCWIk=,jOrgtAr+q+fo9Dkv91iSm05i5tA=
20,-5,LYR6knrWyZlUkXXp6bDEfbnCWIk=,jOrgtAr+q+fo9Dkv91iSm05i5tA=
29,-6,LYR6knrWyZlUkXXp6bDEfbnCWIk=,jOrgtAr+q+fo9Dkv91iSm05i5tA=
30,-16,LYR6knrWyZlUkXXp6bDEfbnCWIk=,jOrgtAr+q+fo9Dkv91iSm05i5tA=
27,-6,LYR6knrWyZlUkXXp6bDEfbnCWIk=,jOrgtAr+q+fo9Dkv91iSm05i5tA=
29,-14,LYR6knrWyZlUkXXp6bDEfbnCWIk=,jOrgtAr+q+fo9Dkv91iSm05i5tA=
31,-6,LYR6knrWyZlUkXXp6bDEfbnCWIk=,jOrgtAr+q+fo9Dkv91iSm05i5tA=
18,-5,LYR6knrWyZlUkXXp6bDEfbnCWIk=,jOrgtAr+q+fo9Dkv91iSm05i5tA=
21,-6,LYR6knrWyZlUkXXp6bDEfbnCWIk=,jOrgtAr+q+fo9Dkv91iSm05i5tA=
21,-5,LYR6knrWyZlUkXXp6bDEfbnCWIk=,jOrgtAr+q+fo9Dkv91iSm05i5tA=
27,-7,LYR6knrWyZlUkXXp6bDEfbnCWIk=,jOrgtAr+q+fo9Dkv91iSm05i5tA=
28,-7,LYR6knrWyZlUkXXp6bDEfbnCWIk=,jOrgtAr+q+fo9Dkv91iSm05i5tA=
26,-7,LYR6knrWyZlUkXXp6bDEfbnCWIk=,jOrgtAr+q+fo9Dkv91iSm05i5tA=
25,-7,LYR6knrWyZlUkXXp6bDEfbnCWIk=,jOrgtAr+q+fo9Dkv91iSm05i5tA=
24,-7,LYR6knrWyZlUkXXp6bDEfbnCWIk=,jOrgtAr+q+fo9Dkv91iSm05i5tA=
23,-7,LYR6knrWyZlUkXXp6bDEfbnCWIk=,jOrgtAr+q+fo9Dkv91iSm05i5tA=
29,-16,LYR6knrWyZlUkXXp6bDEfbnCWIk=,jOrgtAr+q+fo9Dkv91iSm05i5tA=
22,-7,LYR6knrWyZlUkXXp6bDEfbnCWIk=,jOrgtAr+q+fo9Dkv91iSm05i5tA=
17,-5,LYR6knrWyZlUkXXp6bDEfbnCWIk=,jOrgtAr+q+fo9Dkv91iSm05i5tA=
30,-7,LYR6knrWyZlUkXXp6bDEfbnCWIk=,jOrgtAr+q+fo9Dkv91iSm05i5tA=
29,-7,LYR6knrWyZlUkXXp6bDEfbnCWIk=,jOrgtAr+q+fo9Dkv91iSm05i5tA=
21,-7,LYR6knrWyZlUkXXp6bDEfbnCWIk=,jOrgtAr+q+fo9Dkv91iSm05i5tA=
16,-9,LYR6knrWyZlUkXXp6bDEfbnCWIk=,jOrgtAr+q+fo9Dkv91iSm05i5tA=
25,-16,LYR6knrWyZlUkXXp6bDEfbnCWIk=,jOrgtAr+q+fo9Dkv91iSm05i5tA=
17,-3,LYR6knrWyZlUkXXp6bDEfbnCWIk=,jOrgtAr+q+fo9Dkv91iSm05i5tA=
28,-16,LYR6knrWyZlUkXXp6bDEfbnCWIk=,jOrgtAr+q+fo9Dkv91iSm05i5tA=
28,-14,LYR6knrWyZlUkXXp6bDEfbnCWIk=,jOrgtAr+q+fo9Dkv91iSm05i5tA=
20,-6,LYR6knrWyZlUkXXp6bDEfbnCWIk=,jOrgtAr+q+fo9Dkv91iSm05i5tA=
18,-6,LYR6knrWyZlUkXXp6bDEfbnCWIk=,jOrgtAr+q+fo9Dkv91iSm05i5tA=
30,-8,LYR6knrWyZlUkXXp6bDEfbnCWIk=,jOrgtAr+q+fo9Dkv91iSm05i5tA=
28,-8,LYR6knrWyZlUkXXp6bDEfbnCWIk=,jOrgtAr+q+fo9Dkv91iSm05i5tA=
29,-8,LYR6knrWyZlUkXXp6bDEfbnCWIk=,jOrgtAr+q+fo9Dkv91iSm05i5tA=
27,-8,LYR6knrWyZlUkXXp6bDEfbnCWIk=,jOrgtAr+q+fo9Dkv91iSm05i5tA=
26,-8,LYR6knrWyZlUkXXp6bDEfbnCWIk=,jOrgtAr+q+fo9Dkv91iSm05i5tA=
25,-8,LYR6knrWyZlUkXXp6bDEfbnCWIk=,jOrgtAr+q+fo9Dkv91iSm05i5tA=
24,-8,LYR6knrWyZlUkXXp6bDEfbnCWIk=,jOrgtAr+q+fo9Dkv91iSm05i5tA=
23,-8,LYR6knrWyZlUkXXp6bDEfbnCWIk=,jOrgtAr+q+fo9Dkv91iSm05i5tA=
22,-8,LYR6knrWyZlUkXXp6bDEfbnCWIk=,jOrgtAr+q+fo9Dkv91iSm05i5tA=
20,-7,LYR6knrWyZlUkXXp6bDEfbnCWIk=,jOrgtAr+q+fo9Dkv91iSm05i5tA=
21,-8,LYR6knrWyZlUkXXp6bDEfbnCWIk=,jOrgtAr+q+fo9Dkv91iSm05i5tA=
20,-8,LYR6knrWyZlUkXXp6bDEfbnCWIk=,jOrgtAr+q+fo9Dkv91iSm05i5tA=
31,-7,LYR6knrWyZlUkXXp6bDEfbnCWIk=,jOrgtAr+q+fo9Dkv91iSm05i5tA=
27,-16,LYR6knrWyZlUkXXp6bDEfbnCWIk=,jOrgtAr+q+fo9Dkv91iSm05i5tA=
27,-14,LYR6knrWyZlUkXXp6bDEfbnCWIk=,jOrgtAr+q+fo9Dkv91iSm05i5tA=
26,-16,LYR6knrWyZlUkXXp6bDEfbnCWIk=,jOrgtAr+q+fo9Dkv91iSm05i5tA=
16,-5,LYR6knrWyZlUkXXp6bDEfbnCWIk=,jOrgtAr+q+fo9Dkv91iSm05i5tA=
26,-14,LYR6knrWyZlUkXXp6bDEfbnCWIk=,jOrgtAr+q+fo9Dkv91iSm05i5tA=
30,-9,LYR6knrWyZlUkXXp6bDEfbnCWIk=,jOrgtAr+q+fo9Dkv91iSm05i5tA=
31,-8,LYR6knrWyZlUkXXp6bDEfbnCWIk=,jOrgtAr+q+fo9Dkv91iSm05i5tA=
31,-9,LYR6knrWyZlUkXXp6bDEfbnCWIk=,jOrgtAr+q+fo9Dkv91iSm05i5tA=
25,-14,LYR6knrWyZlUkXXp6bDEfbnCWIk=,jOrgtAr+q+fo9Dkv91iSm05i5tA=
28,-9,LYR6knrWyZlUkXXp6bDEfbnCWIk=,jOrgtAr+q+fo9Dkv91iSm05i5tA=
27,-9,LYR6knrWyZlUkXXp6bDEfbnCWIk=,jOrgtAr+q+fo9Dkv91iSm05i5tA=
29,-9,LYR6knrWyZlUkXXp6bDEfbnCWIk=,jOrgtAr+q+fo9Dkv91iSm05i5tA=
26,-9,LYR6knrWyZlUkXXp6bDEfbnCWIk=,jOrgtAr+q+fo9Dkv91iSm05i5tA=
25,-9,LYR6knrWyZlUkXXp6bDEfbnCWIk=,jOrgtAr+q+fo9Dkv91iSm05i5tA=
24,-9,LYR6knrWyZlUkXXp6bDEfbnCWIk=,jOrgtAr+q+fo9Dkv91iSm05i5tA=
23,-9,LYR6knrWyZlUkXXp6bDEfbnCWIk=,jOrgtAr+q+fo9Dkv91iSm05i5tA=
21,-9,LYR6knrWyZlUkXXp6bDEfbnCWIk=,jOrgtAr+q+fo9Dkv91iSm05i5tA=
22,-9,LYR6knrWyZlUkXXp6bDEfbnCWIk=,jOrgtAr+q+fo9Dkv91iSm05i5tA=
19,-9,LYR6knrWyZlUkXXp6bDEfbnCWIk=,jOrgtAr+q+fo9Dkv91iSm05i5tA=
22,-5,LYR6knrWyZlUkXXp6bDEfbnCWIk=,jOrgtAr+q+fo9Dkv91iSm05i5tA=
20,-9,LYR6knrWyZlUkXXp6bDEfbnCWIk=,jOrgtAr+q+fo9Dkv91iSm05i5tA=
16,-7,LYR6knrWyZlUkXXp6bDEfbnCWIk=,jOrgtAr+q+fo9Dkv91iSm05i5tA=
17,-6,LYR6knrWyZlUkXXp6bDEfbnCWIk=,jOrgtAr+q+fo9Dkv91iSm05i5tA=
19,-6,LYR6knrWyZlUkXXp6bDEfbnCWIk=,jOrgtAr+q+fo9Dkv91iSm05i5tA=
19,-8,LYR6knrWyZlUkXXp6bDEfbnCWIk=,jOrgtAr+q+fo9Dkv91iSm05i5tA=
18,-9,LYR6knrWyZlUkXXp6bDEfbnCWIk=,jOrgtAr+q+fo9Dkv91iSm05i5tA=
19,-5,LYR6knrWyZlUkXXp6bDEfbnCWIk=,jOrgtAr+q+fo9Dkv91iSm05i5tA=
16,-6,LYR6knrWyZlUkXXp6bDEfbnCWIk=,jOrgtAr+q+fo9Dkv91iSm05i5tA=
17,-9,LYR6knrWyZlUkXXp6bDEfbnCWIk=,jOrgtAr+q+fo9Dkv91iSm05i5tA=
18,-7,LYR6knrWyZlUkXXp6bDEfbnCWIk=,jOrgtAr+q+fo9Dkv91iSm05i5tA=
19,-7,LYR6knrWyZlUkXXp6bDEfbnCWIk=,jOrgtAr+q+fo9Dkv91iSm05i5tA=
17,-8,LYR6knrWyZlUkXXp6bDEfbnCWIk=,jOrgtAr+q+fo9Dkv91iSm05i5tA=
16,-8,LYR6knrWyZlUkXXp6bDEfbnCWIk=,jOrgtAr+q+fo9Dkv91iSm05i5tA=
17,-7,LYR6knrWyZlUkXXp6bDEfbnCWIk=,jOrgtAr+q+fo9Dkv91iSm05i5tA=
18,-8,LYR6knrWyZlUkXXp6bDEfbnCWIk=,jOrgtAr+q+fo9Dkv91iSm05i5tA=
19,-32,HvOQ3FpdD50zAqbwA3DBuIhq9WU=,VX4SsneqpXOcXQTHdimqot6qJ2g=
16,-32,HvOQ3FpdD50zAqbwA3DBuIhq9WU=,VX4SsneqpXOcXQTHdimqot6qJ2g=
17,-32,HvOQ3FpdD50zAqbwA3DBuIhq9WU=,VX4SsneqpXOcXQTHdimqot6qJ2g=
30,-29,HvOQ3FpdD50zAqbwA3DBuIhq9WU=,VX4SsneqpXOcXQTHdimqot6qJ2g=
31,-29,HvOQ3FpdD50zAqbwA3DBuIhq9WU=,VX4SsneqpXOcXQTHdimqot6qJ2g=
29,-29,HvOQ3FpdD50zAqbwA3DBuIhq9WU=,VX4SsneqpXOcXQTHdimqot6qJ2g=
27,-29,HvOQ3FpdD50zAqbwA3DBuIhq9WU=,VX4SsneqpXOcXQTHdimqot6qJ2g=
25,-31,HvOQ3FpdD50zAqbwA3DBuIhq9WU=,VX4SsneqpXOcXQTHdimqot6qJ2g=
28,-29,HvOQ3FpdD50zAqbwA3DBuIhq9WU=,VX4SsneqpXOcXQTHdimqot6qJ2g=
26,-31,HvOQ3FpdD50zAqbwA3DBuIhq9WU=,VX4SsneqpXOcXQTHdimqot6qJ2g=
20,-32,HvOQ3FpdD50zAqbwA3DBuIhq9WU=,VX4SsneqpXOcXQTHdimqot6qJ2g=
26,-29,HvOQ3FpdD50zAqbwA3DBuIhq9WU=,VX4SsneqpXOcXQTHdimqot6qJ2g=
31,-17,HvOQ3FpdD50zAqbwA3DBuIhq9WU=,VX4SsneqpXOcXQTHdimqot6qJ2g=
30,-17,HvOQ3FpdD50zAqbwA3DBuIhq9WU=,VX4SsneqpXOcXQTHdimqot6qJ2g=
29,-17,HvOQ3FpdD50zAqbwA3DBuIhq9WU=,VX4SsneqpXOcXQTHdimqot6qJ2g=
28,-17,HvOQ3FpdD50zAqbwA3DBuIhq9WU=,VX4SsneqpXOcXQTHdimqot6qJ2g=
27,-17,HvOQ3FpdD50zAqbwA3DBuIhq9WU=,VX4SsneqpXOcXQTHdimqot6qJ2g=
26,-17,HvOQ3FpdD50zAqbwA3DBuIhq9WU=,VX4SsneqpXOcXQTHdimqot6qJ2g=
24,-17,HvOQ3FpdD50zAqbwA3DBuIhq9WU=,VX4SsneqpXOcXQTHdimqot6qJ2g=
25,-17,HvOQ3FpdD50zAqbwA3DBuIhq9WU=,VX4SsneqpXOcXQTHdimqot6qJ2g=
23,-17,HvOQ3FpdD50zAqbwA3DBuIhq9WU=,VX4SsneqpXOcXQTHdimqot6qJ2g=
22,-17,HvOQ3FpdD50zAqbwA3DBuIhq9WU=,VX4SsneqpXOcXQTHdimqot6qJ2g=
21,-17,HvOQ3FpdD50zAqbwA3DBuIhq9WU=,VX4SsneqpXOcXQTHdimqot6qJ2g=
20,-17,HvOQ3FpdD50zAqbwA3DBuIhq9WU=,VX4SsneqpXOcXQTHdimqot6qJ2g=
19,-17,HvOQ3FpdD50zAqbwA3DBuIhq9WU=,VX4SsneqpXOcXQTHdimqot6qJ2g=
24,-28,HvOQ3FpdD50zAqbwA3DBuIhq9WU=,VX4SsneqpXOcXQTHdimqot6qJ2g=
25,-28,HvOQ3FpdD50zAqbwA3DBuIhq9WU=,VX4SsneqpXOcXQTHdimqot6qJ2g=
27,-31,HvOQ3FpdD50zAqbwA3DBuIhq9WU=,VX4SsneqpXOcXQTHdimqot6qJ2g=
26,-28,HvOQ3FpdD50zAqbwA3DBuIhq9WU=,VX4SsneqpXOcXQTHdimqot6qJ2g=
27,-28,HvOQ3FpdD50zAqbwA3DBuIhq9WU=,VX4SsneqpXOcXQTHdimqot6qJ2g=
28,-28,HvOQ3FpdD50zAqbwA3DBuIhq9WU=,VX4SsneqpXOcXQTHdimqot6qJ2g=
29,-28,HvOQ3FpdD50zAqbwA3DBuIhq9WU=,VX4SsneqpXOcXQTHdimqot6qJ2g=
30,-28,HvOQ3FpdD50zAqbwA3DBuIhq9WU=,VX4SsneqpXOcXQTHdimqot6qJ2g=
31,-28,HvOQ3FpdD50zAqbwA3DBuIhq9WU=,VX4SsneqpXOcXQTHdimqot6qJ2g=
21,-32,HvOQ3FpdD50zAqbwA3DBuIhq9WU=,VX4SsneqpXOcXQTHdimqot6qJ2g=
16,-27,HvOQ3FpdD50zAqbwA3DBuIhq9WU=,VX4SsneqpXOcXQTHdimqot6qJ2g=
23,-28,HvOQ3FpdD50zAqbwA3DBuIhq9WU=,VX4SsneqpXOcXQTHdimqot6qJ2g=
22,-30,HvOQ3FpdD50zAqbwA3DBuIhq9WU=,VX4SsneqpXOcXQTHdimqot6qJ2g=
22,-32,HvOQ3FpdD50zAqbwA3DBuIhq9WU=,VX4SsneqpXOcXQTHdimqot6qJ2g=
18,-17,HvOQ3FpdD50zAqbwA3DBuIhq9WU=,VX4SsneqpXOcXQTHdimqot6qJ2g=
23,-32,HvOQ3FpdD50zAqbwA3DBuIhq9WU=,VX4SsneqpXOcXQTHdimqot6qJ2g=
21,-31,HvOQ3FpdD50zAqbwA3DBuIhq9WU=,VX4SsneqpXOcXQTHdimqot6qJ2g=
17,-17,HvOQ3FpdD50zAqbwA3DBuIhq9WU=,VX4SsneqpXOcXQTHdimqot6qJ2g=
23,-30,HvOQ3FpdD50zAqbwA3DBuIhq9WU=,VX4SsneqpXOcXQTHdimqot6qJ2g=
22,-31,HvOQ3FpdD50zAqbwA3DBuIhq9WU=,VX4SsneqpXOcXQTHdimqot6qJ2g=
23,-31,HvOQ3FpdD50zAqbwA3DBuIhq9WU=,VX4SsneqpXOcXQTHdimqot6qJ2g=
22,-29,HvOQ3FpdD50zAqbwA3DBuIhq9WU=,VX4SsneqpXOcXQTHdimqot6qJ2g=
16,-17,HvOQ3FpdD50zAqbwA3DBuIhq9WU=,VX4SsneqpXOcXQTHdimqot6qJ2g=
20,-29,HvOQ3FpdD50zAqbwA3DBuIhq9WU=,VX4SsneqpXOcXQTHdimqot6qJ2g=
31,-18,HvOQ3FpdD50zAqbwA3DBuIhq9WU=,VX4SsneqpXOcXQTHdimqot6qJ2g=
30,-18,HvOQ3FpdD50zAqbwA3DBuIhq9WU=,VX4SsneqpXOcXQTHdimqot6qJ2g=
29,-18,HvOQ3FpdD50zAqbwA3DBuIhq9WU=,VX4SsneqpXOcXQTHdimqot6qJ2g=
28,-18,HvOQ3FpdD50zAqbwA3DBuIhq9WU=,VX4SsneqpXOcXQTHdimqot6qJ2g=
27,-18,HvOQ3FpdD50zAqbwA3DBuIhq9WU=,VX4SsneqpXOcXQTHdimqot6qJ2g=
26,-18,HvOQ3FpdD50zAqbwA3DBuIhq9WU=,VX4SsneqpXOcXQTHdimqot6qJ2g=
25,-18,HvOQ3FpdD50zAqbwA3DBuIhq9WU=,VX4SsneqpXOcXQTHdimqot6qJ2g=
24,-18,HvOQ3FpdD50zAqbwA3DBuIhq9WU=,VX4SsneqpXOcXQTHdimqot6qJ2g=
23,-18,HvOQ3FpdD50zAqbwA3DBuIhq9WU=,VX4SsneqpXOcXQTHdimqot6qJ2g=
22,-18,HvOQ3FpdD50zAqbwA3DBuIhq9WU=,VX4SsneqpXOcXQTHdimqot6qJ2g=
23,-29,HvOQ3FpdD50zAqbwA3DBuIhq9WU=,VX4SsneqpXOcXQTHdimqot6qJ2g=
21,-18,HvOQ3FpdD50zAqbwA3DBuIhq9WU=,VX4SsneqpXOcXQTHdimqot6qJ2g=
17,-27,HvOQ3FpdD50zAqbwA3DBuIhq9WU=,VX4SsneqpXOcXQTHdimqot6qJ2g=
28,-31,HvOQ3FpdD50zAqbwA3DBuIhq9WU=,VX4SsneqpXOcXQTHdimqot6qJ2g=
29,-31,HvOQ3FpdD50zAqbwA3DBuIhq9WU=,VX4SsneqpXOcXQTHdimqot6qJ2g=
30,-31,HvOQ3FpdD50zAqbwA3DBuIhq9WU=,VX4SsneqpXOcXQTHdimqot6qJ2g=
31,-31,HvOQ3FpdD50zAqbwA3DBuIhq9WU=,VX4SsneqpXOcXQTHdimqot6qJ2g=
18,-28,HvOQ3FpdD50zAqbwA3DBuIhq9WU=,VX4SsneqpXOcXQTHdimqot6qJ2g=
20,-18,HvOQ3FpdD50zAqbwA3DBuIhq9WU=,VX4SsneqpXOcXQTHdimqot6qJ2g=
19,-18,HvOQ3FpdD50zAqbwA3DBuIhq9WU=,VX4SsneqpXOcXQTHdimqot6qJ2g=
18,-18,HvOQ3FpdD50zAqbwA3DBuIhq9WU=,VX4SsneqpXOcXQTHdimqot6qJ2g=
17,-18,HvOQ3FpdD50zAqbwA3DBuIhq9WU=,VX4SsneqpXOcXQTHdimqot6qJ2g=
16,-18,HvOQ3FpdD50zAqbwA3DBuIhq9WU=,VX4SsneqpXOcXQTHdimqot6qJ2g=
31,-19,HvOQ3FpdD50zAqbwA3DBuIhq9WU=,VX4SsneqpXOcXQTHdimqot6qJ2g=
30,-19,HvOQ3FpdD50zAqbwA3DBuIhq9WU=,VX4SsneqpXOcXQTHdimqot6qJ2g=
29,-19,HvOQ3FpdD50zAqbwA3DBuIhq9WU=,VX4SsneqpXOcXQTHdimqot6qJ2g=
28,-19,HvOQ3FpdD50zAqbwA3DBuIhq9WU=,VX4SsneqpXOcXQTHdimqot6qJ2g=
27,-19,HvOQ3FpdD50zAqbwA3DBuIhq9WU=,VX4SsneqpXOcXQTHdimqot6qJ2g=
25,-19,HvOQ3FpdD50zAqbwA3DBuIhq9WU=,VX4SsneqpXOcXQTHdimqot6qJ2g=
26,-19,HvOQ3FpdD50zAqbwA3DBuIhq9WU=,VX4SsneqpXOcXQTHdimqot6qJ2g=
23,-19,HvOQ3FpdD50zAqbwA3DBuIhq9WU=,VX4SsneqpXOcXQTHdimqot6qJ2g=
22,-19,HvOQ3FpdD50zAqbwA3DBuIhq9WU=,VX4SsneqpXOcXQTHdimqot6qJ2g=
24,-19,HvOQ3FpdD50zAqbwA3DBuIhq9WU=,VX4SsneqpXOcXQTHdimqot6qJ2g=
21,-19,HvOQ3FpdD50zAqbwA3DBuIhq9WU=,VX4SsneqpXOcXQTHdimqot6qJ2g=
20,-19,HvOQ3FpdD50zAqbwA3DBuIhq9WU=,VX4SsneqpXOcXQTHdimqot6qJ2g=
19,-19,HvOQ3FpdD50zAqbwA3DBuIhq9WU=,VX4SsneqpXOcXQTHdimqot6qJ2g=
18,-19,HvOQ3FpdD50zAqbwA3DBuIhq9WU=,VX4SsneqpXOcXQTHdimqot6qJ2g=
25,-29,HvOQ3FpdD50zAqbwA3DBuIhq9WU=,VX4SsneqpXOcXQTHdimqot6qJ2g=
21,-30,HvOQ3FpdD50zAqbwA3DBuIhq9WU=,VX4SsneqpXOcXQTHdimqot6qJ2g=
17,-19,HvOQ3FpdD50zAqbwA3DBuIhq9WU=,VX4SsneqpXOcXQTHdimqot6qJ2g=
16,-19,HvOQ3FpdD50zAqbwA3DBuIhq9WU=,VX4SsneqpXOcXQTHdimqot6qJ2g=
31,-20,HvOQ3FpdD50zAqbwA3DBuIhq9WU=,VX4SsneqpXOcXQTHdimqot6qJ2g=
30,-20,HvOQ3FpdD50zAqbwA3DBuIhq9WU=,VX4SsneqpXOcXQTHdimqot6qJ2g=
29,-20,HvOQ3FpdD50zAqbwA3DBuIhq9WU=,VX4SsneqpXOcXQTHdimqot6qJ2g=
28,-20,HvOQ3FpdD50zAqbwA3DBuIhq9WU=,VX4SsneqpXOcXQTHdimqot6qJ2g=
27,-20,HvOQ3FpdD50zAqbwA3DBuIhq9WU=,VX4SsneqpXOcXQTHdimqot6qJ2g=
26,-20,HvOQ3FpdD50zAqbwA3DBuIhq9WU=,VX4SsneqpXOcXQTHdimqot6qJ2g=
25,-20,HvOQ3FpdD50zAqbwA3DBuIhq9WU=,VX4SsneqpXOcXQTHdimqot6qJ2g=
24,-20,HvOQ3FpdD50zAqbwA3DBuIhq9WU=,VX4SsneqpXOcXQTHdimqot6qJ2g=
22,-20,HvOQ3FpdD50zAqbwA3DBuIhq9WU=,VX4SsneqpXOcXQTHdimqot6qJ2g=
23,-20,HvOQ3FpdD50zAqbwA3DBuIhq9WU=,VX4SsneqpXOcXQTHdimqot6qJ2g=
24,-31,HvOQ3FpdD50zAqbwA3DBuIhq9WU=,VX4SsneqpXOcXQTHdimqot6qJ2g=
21,-20,HvOQ3FpdD50zAqbwA3DBuIhq9WU=,VX4SsneqpXOcXQTHdimqot6qJ2g=
21,-29,HvOQ3FpdD50zAqbwA3DBuIhq9WU=,VX4SsneqpXOcXQTHdimqot6qJ2g=
20,-20,HvOQ3FpdD50zAqbwA3DBuIhq9WU=,VX4SsneqpXOcXQTHdimqot6qJ2g=
19,-20,HvOQ3FpdD50zAqbwA3DBuIhq9WU=,VX4SsneqpXOcXQTHdimqot6qJ2g=
18,-20,HvOQ3FpdD50zAqbwA3DBuIhq9WU=,VX4SsneqpXOcXQTHdimqot6qJ2g=
17,-20,HvOQ3FpdD50zAqbwA3DBuIhq9WU=,VX4SsneqpXOcXQTHdimqot6qJ2g=
22,-28,HvOQ3FpdD50zAqbwA3DBuIhq9WU=,VX4SsneqpXOcXQTHdimqot6qJ2g=
19,-28,HvOQ3FpdD50zAqbwA3DBuIhq9WU=,VX4SsneqpXOcXQTHdimqot6qJ2g=
16,-20,HvOQ3FpdD50zAqbwA3DBuIhq9WU=,VX4SsneqpXOcXQTHdimqot6qJ2g=
31,-21,HvOQ3FpdD50zAqbwA3DBuIhq9WU=,VX4SsneqpXOcXQTHdimqot6qJ2g=
30,-21,HvOQ3FpdD50zAqbwA3DBuIhq9WU=,VX4SsneqpXOcXQTHdimqot6qJ2g=
29,-21,HvOQ3FpdD50zAqbwA3DBuIhq9WU=,VX4SsneqpXOcXQTHdimqot6qJ2g=
28,-21,HvOQ3FpdD50zAqbwA3DBuIhq9WU=,VX4SsneqpXOcXQTHdimqot6qJ2g=
26,-21,HvOQ3FpdD50zAqbwA3DBuIhq9WU=,VX4SsneqpXOcXQTHdimqot6qJ2g=
27,-21,HvOQ3FpdD50zAqbwA3DBuIhq9WU=,VX4SsneqpXOcXQTHdimqot6qJ2g=
25,-21,HvOQ3FpdD50zAqbwA3DBuIhq9WU=,VX4SsneqpXOcXQTHdimqot6qJ2g=
23,-21,HvOQ3FpdD50zAqbwA3DBuIhq9WU=,VX4SsneqpXOcXQTHdimqot6qJ2g=
24,-21,HvOQ3FpdD50zAqbwA3DBuIhq9WU=,VX4SsneqpXOcXQTHdimqot6qJ2g=
22,-21,HvOQ3FpdD50zAqbwA3DBuIhq9WU=,VX4SsneqpXOcXQTHdimqot6qJ2g=
21,-21,HvOQ3FpdD50zAqbwA3DBuIhq9WU=,VX4SsneqpXOcXQTHdimqot6qJ2g=
20,-21,HvOQ3FpdD50zAqbwA3DBuIhq9WU=,VX4SsneqpXOcXQTHdimqot6qJ2g=
19,-21,HvOQ3FpdD50zAqbwA3DBuIhq9WU=,VX4SsneqpXOcXQTHdimqot6qJ2g=
18,-21,HvOQ3FpdD50zAqbwA3DBuIhq9WU=,VX4SsneqpXOcXQTHdimqot6qJ2g=
20,-31,HvOQ3FpdD50zAqbwA3DBuIhq9WU=,VX4SsneqpXOcXQTHdimqot6qJ2g=
17,-21,HvOQ3FpdD50zAqbwA3DBuIhq9WU=,VX4SsneqpXOcXQTHdimqot6qJ2g=
16,-21,HvOQ3FpdD50zAqbwA3DBuIhq9WU=,VX4SsneqpXOcXQTHdimqot6qJ2g=
31,-22,HvOQ3FpdD50zAqbwA3DBuIhq9WU=,VX4SsneqpXOcXQTHdimqot6qJ2g=
30,-22,HvOQ3FpdD50zAqbwA3DBuIhq9WU=,VX4SsneqpXOcXQTHdimqot6qJ2g=
31,-32,HvOQ3FpdD50zAqbwA3DBuIhq9WU=,VX4SsneqpXOcXQTHdimqot6qJ2g=
31,-30,HvOQ3FpdD50zAqbwA3DBuIhq9WU=,VX4SsneqpXOcXQTHdimqot6qJ2g=
30,-32,HvOQ3FpdD50zAqbwA3DBuIhq9WU=,VX4SsneqpXOcXQTHdimqot6qJ2g=
16,-30,HvOQ3FpdD50zAqbwA3DBuIhq9WU=,VX4SsneqpXOcXQTHdimqot6qJ2g=
17,-31,HvOQ3FpdD50zAqbwA3DBuIhq9WU=,VX4SsneqpXOcXQTHdimqot6qJ2g=
28,-22,HvOQ3FpdD50zAqbwA3DBuIhq9WU=,VX4SsneqpXOcXQTHdimqot6qJ2g=
29,-22,HvOQ3FpdD50zAqbwA3DBuIhq9WU=,VX4SsneqpXOcXQTHdimqot6qJ2g=
27,-22,HvOQ3FpdD50zAqbwA3DBuIhq9WU=,VX4SsneqpXOcXQTHdimqot6qJ2g=
26,-22,HvOQ3FpdD50zAqbwA3DBuIhq9WU=,VX4SsneqpXOcXQTHdimqot6qJ2g=
25,-22,HvOQ3FpdD50zAqbwA3DBuIhq9WU=,VX4SsneqpXOcXQTHdimqot6qJ2g=
24,-22,HvOQ3FpdD50zAqbwA3DBuIhq9WU=,VX4SsneqpXOcXQTHdimqot6qJ2g=
23,-22,HvOQ3FpdD50zAqbwA3DBuIhq9WU=,VX4SsneqpXOcXQTHdimqot6qJ2g=
30,-30,HvOQ3FpdD50zAqbwA3DBuIhq9WU=,VX4SsneqpXOcXQTHdimqot6qJ2g=
22,-22,HvOQ3FpdD50zAqbwA3DBuIhq9WU=,VX4SsneqpXOcXQTHdimqot6qJ2g=
21,-22,HvOQ3FpdD50zAqbwA3DBuIhq9WU=,VX4SsneqpXOcXQTHdimqot6qJ2g=
20,-22,HvOQ3FpdD50zAqbwA3DBuIhq9WU=,VX4SsneqpXOcXQTHdimqot6qJ2g=
18,-22,HvOQ3FpdD50zAqbwA3DBuIhq9WU=,VX4SsneqpXOcXQTHdimqot6qJ2g=
17,-22,HvOQ3FpdD50zAqbwA3DBuIhq9WU=,VX4SsneqpXOcXQTHdimqot6qJ2g=
16,-22,HvOQ3FpdD50zAqbwA3DBuIhq9WU=,VX4SsneqpXOcXQTHdimqot6qJ2g=
31,-23,HvOQ3FpdD50zAqbwA3DBuIhq9WU=,VX4SsneqpXOcXQTHdimqot6qJ2g=
19,-22,HvOQ3FpdD50zAqbwA3DBuIhq9WU=,VX4SsneqpXOcXQTHdimqot6qJ2g=
29,-30,HvOQ3FpdD50zAqbwA3DBuIhq9WU=,VX4SsneqpXOcXQTHdimqot6qJ2g=
30,-23,HvOQ3FpdD50zAqbwA3DBuIhq9WU=,VX4SsneqpXOcXQTHdimqot6qJ2g=
29,-23,HvOQ3FpdD50zAqbwA3DBuIhq9WU=,VX4SsneqpXOcXQTHdimqot6qJ2g=
29,-32,HvOQ3FpdD50zAqbwA3DBuIhq9WU=,VX4SsneqpXOcXQTHdimqot6qJ2g=
28,-30,HvOQ3FpdD50zAqbwA3DBuIhq9WU=,VX4SsneqpXOcXQTHdimqot6qJ2g=
28,-23,HvOQ3FpdD50zAqbwA3DBuIhq9WU=,VX4SsneqpXOcXQTHdimqot6qJ2g=
26,-23,HvOQ3FpdD50zAqbwA3DBuIhq9WU=,VX4SsneqpXOcXQTHdimqot6qJ2g=
27,-23,HvOQ3FpdD50zAqbwA3DBuIhq9WU=,VX4SsneqpXOcXQTHdimqot6qJ2g=
25,-23,HvOQ3FpdD50zAqbwA3DBuIhq9WU=,VX4SsneqpXOcXQTHdimqot6qJ2g=
24,-23,HvOQ3FpdD50zAqbwA3DBuIhq9WU=,VX4SsneqpXOcXQTHdimqot6qJ2g=
23,-23,HvOQ3FpdD50zAqbwA3DBuIhq9WU=,VX4SsneqpXOcXQTHdimqot6qJ2g=
21,-23,HvOQ3FpdD50zAqbwA3DBuIhq9WU=,VX4SsneqpXOcXQTHdimqot6qJ2g=
22,-23,HvOQ3FpdD50zAqbwA3DBuIhq9WU=,VX4SsneqpXOcXQTHdimqot6qJ2g=
20,-23,HvOQ3FpdD50zAqbwA3DBuIhq9WU=,VX4SsneqpXOcXQTHdimqot6qJ2g=
19,-23,HvOQ3FpdD50zAqbwA3DBuIhq9WU=,VX4SsneqpXOcXQTHdimqot6qJ2g=
18,-23,HvOQ3FpdD50zAqbwA3DBuIhq9WU=,VX4SsneqpXOcXQTHdimqot6qJ2g=
17,-23,HvOQ3FpdD50zAqbwA3DBuIhq9WU=,VX4SsneqpXOcXQTHdimqot6qJ2g=
16,-23,HvOQ3FpdD50zAqbwA3DBuIhq9WU=,VX4SsneqpXOcXQTHdimqot6qJ2g=
31,-24,HvOQ3FpdD50zAqbwA3DBuIhq9WU=,VX4SsneqpXOcXQTHdimqot6qJ2g=
30,-24,HvOQ3FpdD50zAqbwA3DBuIhq9WU=,VX4SsneqpXOcXQTHdimqot6qJ2g=
28,-32,HvOQ3FpdD50zAqbwA3DBuIhq9WU=,VX4SsneqpXOcXQTHdimqot6qJ2g=
29,-24,HvOQ3FpdD50zAqbwA3DBuIhq9WU=,VX4SsneqpXOcXQTHdimqot6qJ2g=
27,-30,HvOQ3FpdD50zAqbwA3DBuIhq9WU=,VX4SsneqpXOcXQTHdimqot6qJ2g=
27,-24,HvOQ3FpdD50zAqbwA3DBuIhq9WU=,VX4SsneqpXOcXQTHdimqot6qJ2g=
28,-24,HvOQ3FpdD50zAqbwA3DBuIhq9WU=,VX4SsneqpXOcXQTHdimqot6qJ2g=
26,-24,HvOQ3FpdD50zAqbwA3DBuIhq9WU=,VX4SsneqpXOcXQTHdimqot6qJ2g=
25,-24,HvOQ3FpdD50zAqbwA3DBuIhq9WU=,VX4SsneqpXOcXQTHdimqot6qJ2g=
24,-24,HvOQ3FpdD50zAqbwA3DBuIhq9WU=,VX4SsneqpXOcXQTHdimqot6qJ2g=
23,-24,HvOQ3FpdD50zAqbwA3DBuIhq9WU=,VX4SsneqpXOcXQTHdimqot6qJ2g=
21,-24,HvOQ3FpdD50zAqbwA3DBuIhq9WU=,VX4SsneqpXOcXQTHdimqot6qJ2g=
22,-24,HvOQ3FpdD50zAqbwA3DBuIhq9WU=,VX4SsneqpXOcXQTHdimqot6qJ2g=
20,-24,HvOQ3FpdD50zAqbwA3DBuIhq9WU=,VX4SsneqpXOcXQTHdimqot6qJ2g=
19,-24,HvOQ3FpdD50zAqbwA3DBuIhq9WU=,VX4SsneqpXOcXQTHdimqot6qJ2g=
18,-24,HvOQ3FpdD50zAqbwA3DBuIhq9WU=,VX4SsneqpXOcXQTHdimqot6qJ2g=
17,-24,HvOQ3FpdD50zAqbwA3DBuIhq9WU=,VX4SsneqpXOcXQTHdimqot6qJ2g=
16,-24,HvOQ3FpdD50zAqbwA3DBuIhq9WU=,VX4SsneqpXOcXQTHdimqot6qJ2g=
30,-25,HvOQ3FpdD50zAqbwA3DBuIhq9WU=,VX4SsneqpXOcXQTHdimqot6qJ2g=
29,-25,HvOQ3FpdD50zAqbwA3DBuIhq9WU=,VX4SsneqpXOcXQTHdimqot6qJ2g=
31,-25,HvOQ3FpdD50zAqbwA3DBuIhq9WU=,VX4SsneqpXOcXQTHdimqot6qJ2g=
26,-30,HvOQ3FpdD50zAqbwA3DBuIhq9WU=,VX4SsneqpXOcXQTHdimqot6qJ2g=
28,-25,HvOQ3FpdD50zAqbwA3DBuIhq9WU=,VX4SsneqpXOcXQTHdimqot6qJ2g=
26,-25,HvOQ3FpdD50zAqbwA3DBuIhq9WU=,VX4SsneqpXOcXQTHdimqot6qJ2g=
25,-25,HvOQ3FpdD50zAqbwA3DBuIhq9WU=,VX4SsneqpXOcXQTHdimqot6qJ2g=
27,-25,HvOQ3FpdD50zAqbwA3DBuIhq9WU=,VX4SsneqpXOcXQTHdimqot6qJ2g=
27,-32,HvOQ3FpdD50zAqbwA3DBuIhq9WU=,VX4SsneqpXOcXQTHdimqot6qJ2g=
24,-25,HvOQ3FpdD50zAqbwA3DBuIhq9WU=,VX4SsneqpXOcXQTHdimqot6qJ2g=
23,-25,HvOQ3FpdD50zAqbwA3DBuIhq9WU=,VX4SsneqpXOcXQTHdimqot6qJ2g=
22,-25,HvOQ3FpdD50zAqbwA3DBuIhq9WU=,VX4SsneqpXOcXQTHdimqot6qJ2g=
20,-25,HvOQ3FpdD50zAqbwA3DBuIhq9WU=,VX4SsneqpXOcXQTHdimqot6qJ2g=
21,-25,HvOQ3FpdD50zAqbwA3DBuIhq9WU=,VX4SsneqpXOcXQTHdimqot6qJ2g=
19,-25,HvOQ3FpdD50zAqbwA3DBuIhq9WU=,VX4SsneqpXOcXQTHdimqot6qJ2g=
17,-25,HvOQ3FpdD50zAqbwA3DBuIhq9WU=,VX4SsneqpXOcXQTHdimqot6qJ2g=
18,-25,HvOQ3FpdD50zAqbwA3DBuIhq9WU=,VX4SsneqpXOcXQTHdimqot6qJ2g=
16,-25,HvOQ3FpdD50zAqbwA3DBuIhq9WU=,VX4SsneqpXOcXQTHdimqot6qJ2g=
30,-26,HvOQ3FpdD50zAqbwA3DBuIhq9WU=,VX4SsneqpXOcXQTHdimqot6qJ2g=
31,-26,HvOQ3FpdD50zAqbwA3DBuIhq9WU=,VX4SsneqpXOcXQTHdimqot6qJ2g=
26,-32,HvOQ3FpdD50zAqbwA3DBuIhq9WU=,VX4SsneqpXOcXQTHdimqot6qJ2g=
29,-26,HvOQ3FpdD50zAqbwA3DBuIhq9WU=,VX4SsneqpXOcXQTHdimqot6qJ2g=
16,-28,HvOQ3FpdD50zAqbwA3DBuIhq9WU=,VX4SsneqpXOcXQTHdimqot6qJ2g=
28,-26,HvOQ3FpdD50zAqbwA3DBuIhq9WU=,VX4SsneqpXOcXQTHdimqot6qJ2g=
25,-26,HvOQ3FpdD50zAqbwA3DBuIhq9WU=,VX4SsneqpXOcXQTHdimqot6qJ2g=
26,-26,HvOQ3FpdD50zAqbwA3DBuIhq9WU=,VX4SsneqpXOcXQTHdimqot6qJ2g=
24,-26,HvOQ3FpdD50zAqbwA3DBuIhq9WU=,VX4SsneqpXOcXQTHdimqot6qJ2g=
22,-26,HvOQ3FpdD50zAqbwA3DBuIhq9WU=,VX4SsneqpXOcXQTHdimqot6qJ2g=
23,-26,HvOQ3FpdD50zAqbwA3DBuIhq9WU=,VX4SsneqpXOcXQTHdimqot6qJ2g=
27,-26,HvOQ3FpdD50zAqbwA3DBuIhq9WU=,VX4SsneqpXOcXQTHdimqot6qJ2g=
21,-26,HvOQ3FpdD50zAqbwA3DBuIhq9WU=,VX4SsneqpXOcXQTHdimqot6qJ2g=
19,-26,HvOQ3FpdD50zAqbwA3DBuIhq9WU=,VX4SsneqpXOcXQTHdimqot6qJ2g=
20,-26,HvOQ3FpdD50zAqbwA3DBuIhq9WU=,VX4SsneqpXOcXQTHdimqot6qJ2g=
17,-26,HvOQ3FpdD50zAqbwA3DBuIhq9WU=,VX4SsneqpXOcXQTHdimqot6qJ2g=
18,-26,HvOQ3FpdD50zAqbwA3DBuIhq9WU=,VX4SsneqpXOcXQTHdimqot6qJ2g=
31,-27,HvOQ3FpdD50zAqbwA3DBuIhq9WU=,VX4SsneqpXOcXQTHdimqot6qJ2g=
16,-26,HvOQ3FpdD50zAqbwA3DBuIhq9WU=,VX4SsneqpXOcXQTHdimqot6qJ2g=
24,-30,HvOQ3FpdD50zAqbwA3DBuIhq9WU=,VX4SsneqpXOcXQTHdimqot6qJ2g=
25,-32,HvOQ3FpdD50zAqbwA3DBuIhq9WU=,VX4SsneqpXOcXQTHdimqot6qJ2g=
29,-27,HvOQ3FpdD50zAqbwA3DBuIhq9WU=,VX4SsneqpXOcXQTHdimqot6qJ2g=
30,-27,HvOQ3FpdD50zAqbwA3DBuIhq9WU=,VX4SsneqpXOcXQTHdimqot6qJ2g=
27,-27,HvOQ3FpdD50zAqbwA3DBuIhq9WU=,VX4SsneqpXOcXQTHdimqot6qJ2g=
28,-27,HvOQ3FpdD50zAqbwA3DBuIhq9WU=,VX4SsneqpXOcXQTHdimqot6qJ2g=
26,-27,HvOQ3FpdD50zAqbwA3DBuIhq9WU=,VX4SsneqpXOcXQTHdimqot6qJ2g=
19,-29,HvOQ3FpdD50zAqbwA3DBuIhq9WU=,VX4SsneqpXOcXQTHdimqot6qJ2g=
25,-27,HvOQ3FpdD50zAqbwA3DBuIhq9WU=,VX4SsneqpXOcXQTHdimqot6qJ2g=
16,-31,HvOQ3FpdD50zAqbwA3DBuIhq9WU=,VX4SsneqpXOcXQTHdimqot6qJ2g=
18,-29,HvOQ3FpdD50zAqbwA3DBuIhq9WU=,VX4SsneqpXOcXQTHdimqot6qJ2g=
24,-27,HvOQ3FpdD50zAqbwA3DBuIhq9WU=,VX4SsneqpXOcXQTHdimqot6qJ2g=
18,-31,HvOQ3FpdD50zAqbwA3DBuIhq9WU=,VX4SsneqpXOcXQTHdimqot6qJ2g=
19,-31,HvOQ3FpdD50zAqbwA3DBuIhq9WU=,VX4SsneqpXOcXQTHdimqot6qJ2g=
17,-29,HvOQ3FpdD50zAqbwA3DBuIhq9WU=,VX4SsneqpXOcXQTHdimqot6qJ2g=
20,-28,HvOQ3FpdD50zAqbwA3DBuIhq9WU=,VX4SsneqpXOcXQTHdimqot6qJ2g=
25,-30,HvOQ3FpdD50zAqbwA3DBuIhq9WU=,VX4SsneqpXOcXQTHdimqot6qJ2g=
19,-27,HvOQ3FpdD50zAqbwA3DBuIhq9WU=,VX4SsneqpXOcXQTHdimqot6qJ2g=
24,-29,HvOQ3FpdD50zAqbwA3DBuIhq9WU=,VX4SsneqpXOcXQTHdimqot6qJ2g=
17,-30,HvOQ3FpdD50zAqbwA3DBuIhq9WU=,VX4SsneqpXOcXQTHdimqot6qJ2g=
17,-28,HvOQ3FpdD50zAqbwA3DBuIhq9WU=,VX4SsneqpXOcXQTHdimqot6qJ2g=
19,-30,HvOQ3FpdD50zAqbwA3DBuIhq9WU=,VX4SsneqpXOcXQTHdimqot6qJ2g=
20,-27,HvOQ3FpdD50zAqbwA3DBuIhq9WU=,VX4SsneqpXOcXQTHdimqot6qJ2g=
24,-32,HvOQ3FpdD50zAqbwA3DBuIhq9WU=,VX4SsneqpXOcXQTHdimqot6qJ2g=
22,-27,HvOQ3FpdD50zAqbwA3DBuIhq9WU=,VX4SsneqpXOcXQTHdimqot6qJ2g=
18,-32,HvOQ3FpdD50zAqbwA3DBuIhq9WU=,VX4SsneqpXOcXQTHdimqot6qJ2g=
16,-29,HvOQ3FpdD50zAqbwA3DBuIhq9WU=,VX4SsneqpXOcXQTHdimqot6qJ2g=
23,-27,HvOQ3FpdD50zAqbwA3DBuIhq9WU=,VX4SsneqpXOcXQTHdimqot6qJ2g=
20,-30,HvOQ3FpdD50zAqbwA3DBuIhq9WU=,VX4SsneqpXOcXQTHdimqot6qJ2g=
18,-30,HvOQ3FpdD50zAqbwA3DBuIhq9WU=,VX4SsneqpXOcXQTHdimqot6qJ2g=
18,-27,HvOQ3FpdD50zAqbwA3DBuIhq9WU=,VX4SsneqpXOcXQTHdimqot6qJ2g=
21,-28,HvOQ3FpdD50zAqbwA3DBuIhq9WU=,VX4SsneqpXOcXQTHdimqot6qJ2g=
21,-27,HvOQ3FpdD50zAqbwA3DBuIhq9WU=,VX4SsneqpXOcXQTHdimqot6qJ2g=
7,-29,ofuhe84jIU8eKQIY9w+NdYEntxo=,dzih+cZawnB9d4JHc+UFpTfaEfc=
6,-29,ofuhe84jIU8eKQIY9w+NdYEntxo=,dzih+cZawnB9d4JHc+UFpTfaEfc=
5,-32,ofuhe84jIU8eKQIY9w+NdYEntxo=,dzih+cZawnB9d4JHc+UFpTfaEfc=
6,-30,ofuhe84jIU8eKQIY9w+NdYEntxo=,dzih+cZawnB9d4JHc+UFpTfaEfc=
5,-30,ofuhe84jIU8eKQIY9w+NdYEntxo=,dzih+cZawnB9d4JHc+UFpTfaEfc=
3,-32,ofuhe84jIU8eKQIY9w+NdYEntxo=,dzih+cZawnB9d4JHc+UFpTfaEfc=
5,-29,ofuhe84jIU8eKQIY9w+NdYEntxo=,dzih+cZawnB9d4JHc+UFpTfaEfc=
4,-29,ofuhe84jIU8eKQIY9w+NdYEntxo=,dzih+cZawnB9d4JHc+UFpTfaEfc=
5,-31,ofuhe84jIU8eKQIY9w+NdYEntxo=,dzih+cZawnB9d4JHc+UFpTfaEfc=
3,-29,ofuhe84jIU8eKQIY9w+NdYEntxo=,dzih+cZawnB9d4JHc+UFpTfaEfc=
1,-32,ofuhe84jIU8eKQIY9w+NdYEntxo=,dzih+cZawnB9d4JHc+UFpTfaEfc=
4,-31,ofuhe84jIU8eKQIY9w+NdYEntxo=,dzih+cZawnB9d4JHc+UFpTfaEfc=
2,-29,ofuhe84jIU8eKQIY9w+NdYEntxo=,dzih+cZawnB9d4JHc+UFpTfaEfc=
4,-30,ofuhe84jIU8eKQIY9w+NdYEntxo=,dzih+cZawnB9d4JHc+UFpTfaEfc=
15,-18,ofuhe84jIU8eKQIY9w+NdYEntxo=,dzih+cZawnB9d4JHc+UFpTfaEfc=
4,-32,ofuhe84jIU8eKQIY9w+NdYEntxo=,dzih+cZawnB9d4JHc+UFpTfaEfc=
3,-30,ofuhe84jIU8eKQIY9w+NdYEntxo=,dzih+cZawnB9d4JHc+UFpTfaEfc=
14,-18,ofuhe84jIU8eKQIY9w+NdYEntxo=,dzih+cZawnB9d4JHc+UFpTfaEfc=
13,-18,ofuhe84jIU8eKQIY9w+NdYEntxo=,dzih+cZawnB9d4JHc+UFpTfaEfc=
12,-18,ofuhe84jIU8eKQIY9w+NdYEntxo=,dzih+cZawnB9d4JHc+UFpTfaEfc=
11,-18,ofuhe84jIU8eKQIY9w+NdYEntxo=,dzih+cZawnB9d4JHc+UFpTfaEfc=
10,-18,ofuhe84jIU8eKQIY9w+NdYEntxo=,dzih+cZawnB9d4JHc+UFpTfaEfc=
9,-18,ofuhe84jIU8eKQIY9w+NdYEntxo=,dzih+cZawnB9d4JHc+UFpTfaEfc=
8,-18,ofuhe84jIU8eKQIY9w+NdYEntxo=,dzih+cZawnB9d4JHc+UFpTfaEfc=
6,-18,ofuhe84jIU8eKQIY9w+NdYEntxo=,dzih+cZawnB9d4JHc+UFpTfaEfc=
7,-18,ofuhe84jIU8eKQIY9w+NdYEntxo=,dzih+cZawnB9d4JHc+UFpTfaEfc=
5,-18,ofuhe84jIU8eKQIY9w+NdYEntxo=,dzih+cZawnB9d4JHc+UFpTfaEfc=
4,-18,ofuhe84jIU8eKQIY9w+NdYEntxo=,dzih+cZawnB9d4JHc+UFpTfaEfc=
3,-18,ofuhe84jIU8eKQIY9w+NdYEntxo=,dzih+cZawnB9d4JHc+UFpTfaEfc=
2,-18,ofuhe84jIU8eKQIY9w+NdYEntxo=,dzih+cZawnB9d4JHc+UFpTfaEfc=
1,-18,ofuhe84jIU8eKQIY9w+NdYEntxo=,dzih+cZawnB9d4JHc+UFpTfaEfc=
1,-29,ofuhe84jIU8eKQIY9w+NdYEntxo=,dzih+cZawnB9d4JHc+UFpTfaEfc=
15,-19,ofuhe84jIU8eKQIY9w+NdYEntxo=,dzih+cZawnB9d4JHc+UFpTfaEfc=
0,-18,ofuhe84jIU8eKQIY9w+NdYEntxo=,dzih+cZawnB9d4JHc+UFpTfaEfc=
3,-31,ofuhe84jIU8eKQIY9w+NdYEntxo=,dzih+cZawnB9d4JHc+UFpTfaEfc=
2,-30,ofuhe84jIU8eKQIY9w+NdYEntxo=,dzih+cZawnB9d4JHc+UFpTfaEfc=
2,-31,ofuhe84jIU8eKQIY9w+NdYEntxo=,dzih+cZawnB9d4JHc+UFpTfaEfc=
13,-19,ofuhe84jIU8eKQIY9w+NdYEntxo=,dzih+cZawnB9d4JHc+UFpTfaEfc=
12,-19,ofuhe84jIU8eKQIY9w+NdYEntxo=,dzih+cZawnB9d4JHc+UFpTfaEfc=
14,-19,ofuhe84jIU8eKQIY9w+NdYEntxo=,dzih+cZawnB9d4JHc+UFpTfaEfc=
11,-19,ofuhe84jIU8eKQIY9w+NdYEntxo=,dzih+cZawnB9d4JHc+UFpTfaEfc=
10,-19,ofuhe84jIU8eKQIY9w+NdYEntxo=,dzih+cZawnB9d4JHc+UFpTfaEfc=
8,-19,ofuhe84jIU8eKQIY9w+NdYEntxo=,dzih+cZawnB9d4JHc+UFpTfaEfc=
9,-19,ofuhe84jIU8eKQIY9w+NdYEntxo=,dzih+cZawnB9d4JHc+UFpTfaEfc=
7,-19,ofuhe84jIU8eKQIY9w+NdYEntxo=,dzih+cZawnB9d4JHc+UFpTfaEfc=
6,-19,ofuhe84jIU8eKQIY9w+NdYEntxo=,dzih+cZawnB9d4JHc+UFpTfaEfc=
5,-19,ofuhe84jIU8eKQIY9w+NdYEntxo=,dzih+cZawnB9d4JHc+UFpTfaEfc=
4,-19,ofuhe84jIU8eKQIY9w+NdYEntxo=,dzih+cZawnB9d4JHc+UFpTfaEfc=
3,-19,ofuhe84jIU8eKQIY9w+NdYEntxo=,dzih+cZawnB9d4JHc+UFpTfaEfc=
2,-19,ofuhe84jIU8eKQIY9w+NdYEntxo=,dzih+cZawnB9d4JHc+UFpTfaEfc=
1,-31,ofuhe84jIU8eKQIY9w+NdYEntxo=,dzih+cZawnB9d4JHc+UFpTfaEfc=
1,-19,ofuhe84jIU8eKQIY9w+NdYEntxo=,dzih+cZawnB9d4JHc+UFpTfaEfc=
0,-19,ofuhe84jIU8eKQIY9w+NdYEntxo=,dzih+cZawnB9d4JHc+UFpTfaEfc=
15,-20,ofuhe84jIU8eKQIY9w+NdYEntxo=,dzih+cZawnB9d4JHc+UFpTfaEfc=
1,-30,ofuhe84jIU8eKQIY9w+NdYEntxo=,dzih+cZawnB9d4JHc+UFpTfaEfc=
0,-31,ofuhe84jIU8eKQIY9w+NdYEntxo=,dzih+cZawnB9d4JHc+UFpTfaEfc=
14,-20,ofuhe84jIU8eKQIY9w+NdYEntxo=,dzih+cZawnB9d4JHc+UFpTfaEfc=
13,-20,ofuhe84jIU8eKQIY9w+NdYEntxo=,dzih+cZawnB9d4JHc+UFpTfaEfc=
12,-20,ofuhe84jIU8eKQIY9w+NdYEntxo=,dzih+cZawnB9d4JHc+UFpTfaEfc=
11,-20,ofuhe84jIU8eKQIY9w+NdYEntxo=,dzih+cZawnB9d4JHc+UFpTfaEfc=
10,-20,ofuhe84jIU8eKQIY9w+NdYEntxo=,dzih+cZawnB9d4JHc+UFpTfaEfc=
9,-20,ofuhe84jIU8eKQIY9w+NdYEntxo=,dzih+cZawnB9d4JHc+UFpTfaEfc=
8,-20,ofuhe84jIU8eKQIY9w+NdYEntxo=,dzih+cZawnB9d4JHc+UFpTfaEfc=
7,-20,ofuhe84jIU8eKQIY9w+NdYEntxo=,dzih+cZawnB9d4JHc+UFpTfaEfc=
6,-20,ofuhe84jIU8eKQIY9w+NdYEntxo=,dzih+cZawnB9d4JHc+UFpTfaEfc=
4,-20,ofuhe84jIU8eKQIY9w+NdYEntxo=,dzih+cZawnB9d4JHc+UFpTfaEfc=
5,-20,ofuhe84jIU8eKQIY9w+NdYEntxo=,dzih+cZawnB9d4JHc+UFpTfaEfc=
3,-20,ofuhe84jIU8eKQIY9w+NdYEntxo=,dzih+cZawnB9d4JHc+UFpTfaEfc=
2,-20,ofuhe84jIU8eKQIY9w+NdYEntxo=,dzih+cZawnB9d4JHc+UFpTfaEfc=
2,-32,ofuhe84jIU8eKQIY9w+NdYEntxo=,dzih+cZawnB9d4JHc+UFpTfaEfc=
1,-20,ofuhe84jIU8eKQIY9w+NdYEntxo=,dzih+cZawnB9d4JHc+UFpTfaEfc=
0,-29,ofuhe84jIU8eKQIY9w+NdYEntxo=,dzih+cZawnB9d4JHc+UFpTfaEfc=
14,-32,j/vBA7hMbPXQqpp70UFqDGQjTdg=,dzih+cZawnB9d4JHc+UFpTfaEfc=
0,-30,ofuhe84jIU8eKQIY9w+NdYEntxo=,dzih+cZawnB9d4JHc+UFpTfaEfc=
0,-20,ofuhe84jIU8eKQIY9w+NdYEntxo=,dzih+cZawnB9d4JHc+UFpTfaEfc=
15,-31,j/vBA7hMbPXQqpp70UFqDGQjTdg=,dzih+cZawnB9d4JHc+UFpTfaEfc=
15,-21,ofuhe84jIU8eKQIY9w+NdYEntxo=,dzih+cZawnB9d4JHc+UFpTfaEfc=
12,-21,ofuhe84jIU8eKQIY9w+NdYEntxo=,dzih+cZawnB9d4JHc+UFpTfaEfc=
14,-21,ofuhe84jIU8eKQIY9w+NdYEntxo=,dzih+cZawnB9d4JHc+UFpTfaEfc=
13,-21,ofuhe84jIU8eKQIY9w+NdYEntxo=,dzih+cZawnB9d4JHc+UFpTfaEfc=
11,-21,ofuhe84jIU8eKQIY9w+NdYEntxo=,dzih+cZawnB9d4JHc+UFpTfaEfc=
10,-21,ofuhe84jIU8eKQIY9w+NdYEntxo=,dzih+cZawnB9d4JHc+UFpTfaEfc=
8,-21,ofuhe84jIU8eKQIY9w+NdYEntxo=,dzih+cZawnB9d4JHc+UFpTfaEfc=
9,-21,ofuhe84jIU8eKQIY9w+NdYEntxo=,dzih+cZawnB9d4JHc+UFpTfaEfc=
7,-21,ofuhe84jIU8eKQIY9w+NdYEntxo=,dzih+cZawnB9d4JHc+UFpTfaEfc=
6,-21,ofuhe84jIU8eKQIY9w+NdYEntxo=,dzih+cZawnB9d4JHc+UFpTfaEfc=
5,-21,ofuhe84jIU8eKQIY9w+NdYEntxo=,dzih+cZawnB9d4JHc+UFpTfaEfc=
4,-21,ofuhe84jIU8eKQIY9w+NdYEntxo=,dzih+cZawnB9d4JHc+UFpTfaEfc=
2,-21,ofuhe84jIU8eKQIY9w+NdYEntxo=,dzih+cZawnB9d4JHc+UFpTfaEfc=
1,-21,ofuhe84jIU8eKQIY9w+NdYEntxo=,dzih+cZawnB9d4JHc+UFpTfaEfc=
3,-21,ofuhe84jIU8eKQIY9w+NdYEntxo=,dzih+cZawnB9d4JHc+UFpTfaEfc=
0,-21,ofuhe84jIU8eKQIY9w+NdYEntxo=,dzih+cZawnB9d4JHc+UFpTfaEfc=
15,-22,ofuhe84jIU8eKQIY9w+NdYEntxo=,dzih+cZawnB9d4JHc+UFpTfaEfc=
13,-32,ofuhe84jIU8eKQIY9w+NdYEntxo=,dzih+cZawnB9d4JHc+UFpTfaEfc=
14,-22,ofuhe84jIU8eKQIY9w+NdYEntxo=,dzih+cZawnB9d4JHc+UFpTfaEfc=
13,-22,ofuhe84jIU8eKQIY9w+NdYEntxo=,dzih+cZawnB9d4JHc+UFpTfaEfc=
12,-22,ofuhe84jIU8eKQIY9w+NdYEntxo=,dzih+cZawnB9d4JHc+UFpTfaEfc=
11,-22,ofuhe84jIU8eKQIY9w+NdYEntxo=,dzih+cZawnB9d4JHc+UFpTfaEfc=
10,-22,ofuhe84jIU8eKQIY9w+NdYEntxo=,dzih+cZawnB9d4JHc+UFpTfaEfc=
9,-22,ofuhe84jIU8eKQIY9w+NdYEntxo=,dzih+cZawnB9d4JHc+UFpTfaEfc=
8,-22,ofuhe84jIU8eKQIY9w+NdYEntxo=,dzih+cZawnB9d4JHc+UFpTfaEfc=
7,-22,ofuhe84jIU8eKQIY9w+NdYEntxo=,dzih+cZawnB9d4JHc+UFpTfaEfc=
6,-22,ofuhe84jIU8eKQIY9w+NdYEntxo=,dzih+cZawnB9d4JHc+UFpTfaEfc=
5,-22,ofuhe84jIU8eKQIY9w+NdYEntxo=,dzih+cZawnB9d4JHc+UFpTfaEfc=
4,-22,ofuhe84jIU8eKQIY9w+NdYEntxo=,dzih+cZawnB9d4JHc+UFpTfaEfc=
3,-22,ofuhe84jIU8eKQIY9w+NdYEntxo=,dzih+cZawnB9d4JHc+UFpTfaEfc=
2,-22,ofuhe84jIU8eKQIY9w+NdYEntxo=,dzih+cZawnB9d4JHc+UFpTfaEfc=
1,-22,ofuhe84jIU8eKQIY9w+NdYEntxo=,dzih+cZawnB9d4JHc+UFpTfaEfc=
0,-22,ofuhe84jIU8eKQIY9w+NdYEntxo=,dzih+cZawnB9d4JHc+UFpTfaEfc=
15,-23,ofuhe84jIU8eKQIY9w+NdYEntxo=,dzih+cZawnB9d4JHc+UFpTfaEfc=
14,-23,ofuhe84jIU8eKQIY9w+NdYEntxo=,dzih+cZawnB9d4JHc+UFpTfaEfc=
13,-23,ofuhe84jIU8eKQIY9w+NdYEntxo=,dzih+cZawnB9d4JHc+UFpTfaEfc=
12,-23,ofuhe84jIU8eKQIY9w+NdYEntxo=,dzih+cZawnB9d4JHc+UFpTfaEfc=
11,-23,ofuhe84jIU8eKQIY9w+NdYEntxo=,dzih+cZawnB9d4JHc+UFpTfaEfc=
10,-23,ofuhe84jIU8eKQIY9w+NdYEntxo=,dzih+cZawnB9d4JHc+UFpTfaEfc=
8,-23,ofuhe84jIU8eKQIY9w+NdYEntxo=,dzih+cZawnB9d4JHc+UFpTfaEfc=
7,-23,ofuhe84jIU8eKQIY9w+NdYEntxo=,dzih+cZawnB9d4JHc+UFpTfaEfc=
6,-23,ofuhe84jIU8eKQIY9w+NdYEntxo=,dzih+cZawnB9d4JHc+UFpTfaEfc=
5,-23,ofuhe84jIU8eKQIY9w+NdYEntxo=,dzih+cZawnB9d4JHc+UFpTfaEfc=
4,-23,ofuhe84jIU8eKQIY9w+NdYEntxo=,dzih+cZawnB9d4JHc+UFpTfaEfc=
3,-23,ofuhe84jIU8eKQIY9w+NdYEntxo=,dzih+cZawnB9d4JHc+UFpTfaEfc=
2,-23,ofuhe84jIU8eKQIY9w+NdYEntxo=,dzih+cZawnB9d4JHc+UFpTfaEfc=
1,-23,ofuhe84jIU8eKQIY9w+NdYEntxo=,dzih+cZawnB9d4JHc+UFpTfaEfc=
9,-23,ofuhe84jIU8eKQIY9w+NdYEntxo=,dzih+cZawnB9d4JHc+UFpTfaEfc=
0,-23,ofuhe84jIU8eKQIY9w+NdYEntxo=,dzih+cZawnB9d4JHc+UFpTfaEfc=
15,-24,ofuhe84jIU8eKQIY9w+NdYEntxo=,dzih+cZawnB9d4JHc+UFpTfaEfc=
14,-24,ofuhe84jIU8eKQIY9w+NdYEntxo=,dzih+cZawnB9d4JHc+UFpTfaEfc=
13,-24,ofuhe84jIU8eKQIY9w+NdYEntxo=,dzih+cZawnB9d4JHc+UFpTfaEfc=
12,-24,ofuhe84jIU8eKQIY9w+NdYEntxo=,dzih+cZawnB9d4JHc+UFpTfaEfc=
10,-24,ofuhe84jIU8eKQIY9w+NdYEntxo=,dzih+cZawnB9d4JHc+UFpTfaEfc=
8,-24,ofuhe84jIU8eKQIY9w+NdYEntxo=,dzih+cZawnB9d4JHc+UFpTfaEfc=
9,-24,ofuhe84jIU8eKQIY9w+NdYEntxo=,dzih+cZawnB9d4JHc+UFpTfaEfc=
7,-24,ofuhe84jIU8eKQIY9w+NdYEntxo=,dzih+cZawnB9d4JHc+UFpTfaEfc=
5,-24,ofuhe84jIU8eKQIY9w+NdYEntxo=,dzih+cZawnB9d4JHc+UFpTfaEfc=
11,-24,ofuhe84jIU8eKQIY9w+NdYEntxo=,dzih+cZawnB9d4JHc+UFpTfaEfc=
4,-24,ofuhe84jIU8eKQIY9w+NdYEntxo=,dzih+cZawnB9d4JHc+UFpTfaEfc=
2,-24,ofuhe84jIU8eKQIY9w+NdYEntxo=,dzih+cZawnB9d4JHc+UFpTfaEfc=
1,-24,ofuhe84jIU8eKQIY9w+NdYEntxo=,dzih+cZawnB9d4JHc+UFpTfaEfc=
3,-24,ofuhe84jIU8eKQIY9w+NdYEntxo=,dzih+cZawnB9d4JHc+UFpTfaEfc=
10,-32,ofuhe84jIU8eKQIY9w+NdYEntxo=,dzih+cZawnB9d4JHc+UFpTfaEfc=
0,-24,ofuhe84jIU8eKQIY9w+NdYEntxo=,dzih+cZawnB9d4JHc+UFpTfaEfc=
6,-24,ofuhe84jIU8eKQIY9w+NdYEntxo=,dzih+cZawnB9d4JHc+UFpTfaEfc=
14,-25,ofuhe84jIU8eKQIY9w+NdYEntxo=,dzih+cZawnB9d4JHc+UFpTfaEfc=
13,-25,ofuhe84jIU8eKQIY9w+NdYEntxo=,dzih+cZawnB9d4JHc+UFpTfaEfc=
12,-25,ofuhe84jIU8eKQIY9w+NdYEntxo=,dzih+cZawnB9d4JHc+UFpTfaEfc=
11,-25,ofuhe84jIU8eKQIY9w+NdYEntxo=,dzih+cZawnB9d4JHc+UFpTfaEfc=
15,-25,ofuhe84jIU8eKQIY9w+NdYEntxo=,dzih+cZawnB9d4JHc+UFpTfaEfc=
10,-25,ofuhe84jIU8eKQIY9w+NdYEntxo=,dzih+cZawnB9d4JHc+UFpTfaEfc=
9,-25,ofuhe84jIU8eKQIY9w+NdYEntxo=,dzih+cZawnB9d4JHc+UFpTfaEfc=
7,-25,ofuhe84jIU8eKQIY9w+NdYEntxo=,dzih+cZawnB9d4JHc+UFpTfaEfc=
6,-25,ofuhe84jIU8eKQIY9w+NdYEntxo=,dzih+cZawnB9d4JHc+UFpTfaEfc=
5,-25,ofuhe84jIU8eKQIY9w+NdYEntxo=,dzih+cZawnB9d4JHc+UFpTfaEfc=
8,-25,ofuhe84jIU8eKQIY9w+NdYEntxo=,dzih+cZawnB9d4JHc+UFpTfaEfc=
4,-25,ofuhe84jIU8eKQIY9w+NdYEntxo=,dzih+cZawnB9d4JHc+UFpTfaEfc=
2,-25,ofuhe84jIU8eKQIY9w+NdYEntxo=,dzih+cZawnB9d4JHc+UFpTfaEfc=
1,-25,ofuhe84jIU8eKQIY9w+NdYEntxo=,dzih+cZawnB9d4JHc+UFpTfaEfc=
3,-25,ofuhe84jIU8eKQIY9w+NdYEntxo=,dzih+cZawnB9d4JHc+UFpTfaEfc=
0,-25,ofuhe84jIU8eKQIY9w+NdYEntxo=,dzih+cZawnB9d4JHc+UFpTfaEfc=
9,-32,ofuhe84jIU8eKQIY9w+NdYEntxo=,dzih+cZawnB9d4JHc+UFpTfaEfc=
9,-31,ofuhe84jIU8eKQIY9w+NdYEntxo=,dzih+cZawnB9d4JHc+UFpTfaEfc=
15,-26,j/vBA7hMbPXQqpp70UFqDGQjTdg=,dzih+cZawnB9d4JHc+UFpTfaEfc=
13,-26,j/vBA7hMbPXQqpp70UFqDGQjTdg=,dzih+cZawnB9d4JHc+UFpTfaEfc=
12,-26,ofuhe84jIU8eKQIY9w+NdYEntxo=,dzih+cZawnB9d4JHc+UFpTfaEfc=
14,-26,j/vBA7hMbPXQqpp70UFqDGQjTdg=,dzih+cZawnB9d4JHc+UFpTfaEfc=
9,-26,j/vBA7hMbPXQqpp70UFqDGQjTdg=,dzih+cZawnB9d4JHc+UFpTfaEfc=
10,-26,ofuhe84jIU8eKQIY9w+NdYEntxo=,dzih+cZawnB9d4JHc+UFpTfaEfc=
11,-26,ofuhe84jIU8eKQIY9w+NdYEntxo=,dzih+cZawnB9d4JHc+UFpTfaEfc=
7,-26,j/vBA7hMbPXQqpp70UFqDGQjTdg=,dzih+cZawnB9d4JHc+UFpTfaEfc=
4,-26,j/vBA7hMbPXQqpp70UFqDGQjTdg=,dzih+cZawnB9d4JHc+UFpTfaEfc=
8,-26,j/vBA7hMbPXQqpp70UFqDGQjTdg=,dzih+cZawnB9d4JHc+UFpTfaEfc=
5,-26,j/vBA7hMbPXQqpp70UFqDGQjTdg=,dzih+cZawnB9d4JHc+UFpTfaEfc=
6,-26,j/vBA7hMbPXQqpp70UFqDGQjTdg=,dzih+cZawnB9d4JHc+UFpTfaEfc=
3,-26,j/vBA7hMbPXQqpp70UFqDGQjTdg=,dzih+cZawnB9d4JHc+UFpTfaEfc=
2,-26,ofuhe84jIU8eKQIY9w+NdYEntxo=,dzih+cZawnB9d4JHc+UFpTfaEfc=
1,-26,ofuhe84jIU8eKQIY9w+NdYEntxo=,dzih+cZawnB9d4JHc+UFpTfaEfc=
0,-26,ofuhe84jIU8eKQIY9w+NdYEntxo=,dzih+cZawnB9d4JHc+UFpTfaEfc=
9,-30,ofuhe84jIU8eKQIY9w+NdYEntxo=,dzih+cZawnB9d4JHc+UFpTfaEfc=
8,-31,ofuhe84jIU8eKQIY9w+NdYEntxo=,dzih+cZawnB9d4JHc+UFpTfaEfc=
8,-32,ofuhe84jIU8eKQIY9w+NdYEntxo=,dzih+cZawnB9d4JHc+UFpTfaEfc=
13,-27,j/vBA7hMbPXQqpp70UFqDGQjTdg=,dzih+cZawnB9d4JHc+UFpTfaEfc=
14,-27,j/vBA7hMbPXQqpp70UFqDGQjTdg=,dzih+cZawnB9d4JHc+UFpTfaEfc=
11,-27,ofuhe84jIU8eKQIY9w+NdYEntxo=,dzih+cZawnB9d4JHc+UFpTfaEfc=
10,-27,ofuhe84jIU8eKQIY9w+NdYEntxo=,dzih+cZawnB9d4JHc+UFpTfaEfc=
12,-27,ofuhe84jIU8eKQIY9w+NdYEntxo=,dzih+cZawnB9d4JHc+UFpTfaEfc=
8,-27,j/vBA7hMbPXQqpp70UFqDGQjTdg=,dzih+cZawnB9d4JHc+UFpTfaEfc=
7,-27,j/vBA7hMbPXQqpp70UFqDGQjTdg=,dzih+cZawnB9d4JHc+UFpTfaEfc=
5,-27,ofuhe84jIU8eKQIY9w+NdYEntxo=,dzih+cZawnB9d4JHc+UFpTfaEfc=
9,-27,j/vBA7hMbPXQqpp70UFqDGQjTdg=,dzih+cZawnB9d4JHc+UFpTfaEfc=
4,-27,ofuhe84jIU8eKQIY9w+NdYEntxo=,dzih+cZawnB9d4JHc+UFpTfaEfc=
3,-27,ofuhe84jIU8eKQIY9w+NdYEntxo=,dzih+cZawnB9d4JHc+UFpTfaEfc=
2,-27,ofuhe84jIU8eKQIY9w+NdYEntxo=,dzih+cZawnB9d4JHc+UFpTfaEfc=
6,-27,j/vBA7hMbPXQqpp70UFqDGQjTdg=,dzih+cZawnB9d4JHc+UFpTfaEfc=
0,-27,ofuhe84jIU8eKQIY9w+NdYEntxo=,dzih+cZawnB9d4JHc+UFpTfaEfc=
7,-32,ofuhe84jIU8eKQIY9w+NdYEntxo=,dzih+cZawnB9d4JHc+UFpTfaEfc=
1,-27,ofuhe84jIU8eKQIY9w+NdYEntxo=,dzih+cZawnB9d4JHc+UFpTfaEfc=
8,-30,ofuhe84jIU8eKQIY9w+NdYEntxo=,dzih+cZawnB9d4JHc+UFpTfaEfc=
14,-28,j/vBA7hMbPXQqpp70UFqDGQjTdg=,dzih+cZawnB9d4JHc+UFpTfaEfc=
7,-31,ofuhe84jIU8eKQIY9w+NdYEntxo=,dzih+cZawnB9d4JHc+UFpTfaEfc=
7,-28,ofuhe84jIU8eKQIY9w+NdYEntxo=,dzih+cZawnB9d4JHc+UFpTfaEfc=
8,-28,ofuhe84jIU8eKQIY9w+NdYEntxo=,dzih+cZawnB9d4JHc+UFpTfaEfc=
9,-28,ofuhe84jIU8eKQIY9w+NdYEntxo=,dzih+cZawnB9d4JHc+UFpTfaEfc=
5,-28,ofuhe84jIU8eKQIY9w+NdYEntxo=,dzih+cZawnB9d4JHc+UFpTfaEfc=
4,-28,ofuhe84jIU8eKQIY9w+NdYEntxo=,dzih+cZawnB9d4JHc+UFpTfaEfc=
6,-28,ofuhe84jIU8eKQIY9w+NdYEntxo=,dzih+cZawnB9d4JHc+UFpTfaEfc=
2,-28,ofuhe84jIU8eKQIY9w+NdYEntxo=,dzih+cZawnB9d4JHc+UFpTfaEfc=
6,-32,ofuhe84jIU8eKQIY9w+NdYEntxo=,dzih+cZawnB9d4JHc+UFpTfaEfc=
1,-28,ofuhe84jIU8eKQIY9w+NdYEntxo=,dzih+cZawnB9d4JHc+UFpTfaEfc=
6,-31,ofuhe84jIU8eKQIY9w+NdYEntxo=,dzih+cZawnB9d4JHc+UFpTfaEfc=
7,-30,ofuhe84jIU8eKQIY9w+NdYEntxo=,dzih+cZawnB9d4JHc+UFpTfaEfc=
3,-28,ofuhe84jIU8eKQIY9w+NdYEntxo=,dzih+cZawnB9d4JHc+UFpTfaEfc=
0,-28,ofuhe84jIU8eKQIY9w+NdYEntxo=,dzih+cZawnB9d4JHc+UFpTfaEfc=
9,-29,ofuhe84jIU8eKQIY9w+NdYEntxo=,dzih+cZawnB9d4JHc+UFpTfaEfc=
15,-32,j/vBA7hMbPXQqpp70UFqDGQjTdg=,dzih+cZawnB9d4JHc+UFpTfaEfc=
0,-32,ofuhe84jIU8eKQIY9w+NdYEntxo=,dzih+cZawnB9d4JHc+UFpTfaEfc=
2,-17,ofuhe84jIU8eKQIY9w+NdYEntxo=,dzih+cZawnB9d4JHc+UFpTfaEfc=
8,-29,ofuhe84jIU8eKQIY9w+NdYEntxo=,dzih+cZawnB9d4JHc+UFpTfaEfc=
1,-17,ofuhe84jIU8eKQIY9w+NdYEntxo=,dzih+cZawnB9d4JHc+UFpTfaEfc=
6,-17,ofuhe84jIU8eKQIY9w+NdYEntxo=,dzih+cZawnB9d4JHc+UFpTfaEfc=
7,-17,ofuhe84jIU8eKQIY9w+NdYEntxo=,dzih+cZawnB9d4JHc+UFpTfaEfc=
3,-17,ofuhe84jIU8eKQIY9w+NdYEntxo=,dzih+cZawnB9d4JHc+UFpTfaEfc=
4,-17,ofuhe84jIU8eKQIY9w+NdYEntxo=,dzih+cZawnB9d4JHc+UFpTfaEfc=
9,-17,ofuhe84jIU8eKQIY9w+NdYEntxo=,dzih+cZawnB9d4JHc+UFpTfaEfc=
5,-17,ofuhe84jIU8eKQIY9w+NdYEntxo=,dzih+cZawnB9d4JHc+UFpTfaEfc=
8,-17,ofuhe84jIU8eKQIY9w+NdYEntxo=,dzih+cZawnB9d4JHc+UFpTfaEfc=
12,-17,ofuhe84jIU8eKQIY9w+NdYEntxo=,dzih+cZawnB9d4JHc+UFpTfaEfc=
14,-17,ofuhe84jIU8eKQIY9w+NdYEntxo=,dzih+cZawnB9d4JHc+UFpTfaEfc=
10,-17,ofuhe84jIU8eKQIY9w+NdYEntxo=,dzih+cZawnB9d4JHc+UFpTfaEfc=
11,-17,ofuhe84jIU8eKQIY9w+NdYEntxo=,dzih+cZawnB9d4JHc+UFpTfaEfc=
13,-17,ofuhe84jIU8eKQIY9w+NdYEntxo=,dzih+cZawnB9d4JHc+UFpTfaEfc=
14,-31,ofuhe84jIU8eKQIY9w+NdYEntxo=,dzih+cZawnB9d4JHc+UFpTfaEfc=
15,-27,ofuhe84jIU8eKQIY9w+NdYEntxo=,dzih+cZawnB9d4JHc+UFpTfaEfc=
13,-30,ofuhe84jIU8eKQIY9w+NdYEntxo=,dzih+cZawnB9d4JHc+UFpTfaEfc=
11,-32,ofuhe84jIU8eKQIY9w+NdYEntxo=,dzih+cZawnB9d4JHc+UFpTfaEfc=
12,-32,ofuhe84jIU8eKQIY9w+NdYEntxo=,dzih+cZawnB9d4JHc+UFpTfaEfc=
10,-31,ofuhe84jIU8eKQIY9w+NdYEntxo=,dzih+cZawnB9d4JHc+UFpTfaEfc=
12,-31,ofuhe84jIU8eKQIY9w+NdYEntxo=,dzih+cZawnB9d4JHc+UFpTfaEfc=
15,-17,ofuhe84jIU8eKQIY9w+NdYEntxo=,dzih+cZawnB9d4JHc+UFpTfaEfc=
13,-31,ofuhe84jIU8eKQIY9w+NdYEntxo=,dzih+cZawnB9d4JHc+UFpTfaEfc=
15,-30,ofuhe84jIU8eKQIY9w+NdYEntxo=,dzih+cZawnB9d4JHc+UFpTfaEfc=
13,-28,ofuhe84jIU8eKQIY9w+NdYEntxo=,dzih+cZawnB9d4JHc+UFpTfaEfc=
14,-30,ofuhe84jIU8eKQIY9w+NdYEntxo=,dzih+cZawnB9d4JHc+UFpTfaEfc=
10,-28,ofuhe84jIU8eKQIY9w+NdYEntxo=,dzih+cZawnB9d4JHc+UFpTfaEfc=
10,-29,ofuhe84jIU8eKQIY9w+NdYEntxo=,dzih+cZawnB9d4JHc+UFpTfaEfc=
10,-30,ofuhe84jIU8eKQIY9w+NdYEntxo=,dzih+cZawnB9d4JHc+UFpTfaEfc=
0,-17,ofuhe84jIU8eKQIY9w+NdYEntxo=,dzih+cZawnB9d4JHc+UFpTfaEfc=
11,-31,ofuhe84jIU8eKQIY9w+NdYEntxo=,dzih+cZawnB9d4JHc+UFpTfaEfc=
11,-28,ofuhe84jIU8eKQIY9w+NdYEntxo=,dzih+cZawnB9d4JHc+UFpTfaEfc=
15,-28,ofuhe84jIU8eKQIY9w+NdYEntxo=,dzih+cZawnB9d4JHc+UFpTfaEfc=
13,-29,ofuhe84jIU8eKQIY9w+NdYEntxo=,dzih+cZawnB9d4JHc+UFpTfaEfc=
12,-30,ofuhe84jIU8eKQIY9w+NdYEntxo=,dzih+cZawnB9d4JHc+UFpTfaEfc=
12,-28,ofuhe84jIU8eKQIY9w+NdYEntxo=,dzih+cZawnB9d4JHc+UFpTfaEfc=
14,-29,ofuhe84jIU8eKQIY9w+NdYEntxo=,dzih+cZawnB9d4JHc+UFpTfaEfc=
11,-29,ofuhe84jIU8eKQIY9w+NdYEntxo=,dzih+cZawnB9d4JHc+UFpTfaEfc=
11,-30,ofuhe84jIU8eKQIY9w+NdYEntxo=,dzih+cZawnB9d4JHc+UFpTfaEfc=
12,-29,ofuhe84jIU8eKQIY9w+NdYEntxo=,dzih+cZawnB9d4JHc+UFpTfaEfc=
15,-29,ofuhe84jIU8eKQIY9w+NdYEntxo=,dzih+cZawnB9d4JHc+UFpTfaEfc=
