-15,-7,YYamlhE35lLSYsA2gLjNvK1Vog4=,MSome7XCVtpSbLh9wsOyX6x0BNA=
-10,-4,YYamlhE35lLSYsA2gLjNvK1Vog4=,MSome7XCVtpSbLh9wsOyX6x0BNA=
-11,-8,YYamlhE35lLSYsA2gLjNvK1Vog4=,MSome7XCVtpSbLh9wsOyX6x0BNA=
-11,-4,YYamlhE35lLSYsA2gLjNvK1Vog4=,MSome7XCVtpSbLh9wsOyX6x0BNA=
-10,-5,hQefhwtI6rMHmfUxNUVbkapGWFg=,MSome7XCVtpSbLh9wsOyX6x0BNA=
-13,-8,YYamlhE35lLSYsA2gLjNvK1Vog4=,MSome7XCVtpSbLh9wsOyX6x0BNA=
-12,-4,YYamlhE35lLSYsA2gLjNvK1Vog4=,MSome7XCVtpSbLh9wsOyX6x0BNA=
-13,-4,YYamlhE35lLSYsA2gLjNvK1Vog4=,MSome7XCVtpSbLh9wsOyX6x0BNA=
-14,-4,YYamlhE35lLSYsA2gLjNvK1Vog4=,MSome7XCVtpSbLh9wsOyX6x0BNA=
-12,-8,R76EnPu3y7OEMJ7ZkP9KMD0Ll2Y=,MSome7XCVtpSbLh9wsOyX6x0BNA=
-11,-6,hQefhwtI6rMHmfUxNUVbkapGWFg=,MSome7XCVtpSbLh9wsOyX6x0BNA=
-10,-6,hQefhwtI6rMHmfUxNUVbkapGWFg=,MSome7XCVtpSbLh9wsOyX6x0BNA=
-10,-7,YYamlhE35lLSYsA2gLjNvK1Vog4=,MSome7XCVtpSbLh9wsOyX6x0BNA=
-12,-6,hQefhwtI6rMHmfUxNUVbkapGWFg=,MSome7XCVtpSbLh9wsOyX6x0BNA=
-15,-8,YYamlhE35lLSYsA2gLjNvK1Vog4=,MSome7XCVtpSbLh9wsOyX6x0BNA=
-10,-8,YYamlhE35lLSYsA2gLjNvK1Vog4=,MSome7XCVtpSbLh9wsOyX6x0BNA=
-11,-5,hQefhwtI6rMHmfUxNUVbkapGWFg=,MSome7XCVtpSbLh9wsOyX6x0BNA=
-12,-5,hQefhwtI6rMHmfUxNUVbkapGWFg=,MSome7XCVtpSbLh9wsOyX6x0BNA=
-13,-6,YYamlhE35lLSYsA2gLjNvK1Vog4=,MSome7XCVtpSbLh9wsOyX6x0BNA=
-13,-5,YYamlhE35lLSYsA2gLjNvK1Vog4=,MSome7XCVtpSbLh9wsOyX6x0BNA=
-14,-5,YYamlhE35lLSYsA2gLjNvK1Vog4=,MSome7XCVtpSbLh9wsOyX6x0BNA=
-14,-6,YYamlhE35lLSYsA2gLjNvK1Vog4=,MSome7XCVtpSbLh9wsOyX6x0BNA=
-15,-5,YYamlhE35lLSYsA2gLjNvK1Vog4=,MSome7XCVtpSbLh9wsOyX6x0BNA=
-14,-8,YYamlhE35lLSYsA2gLjNvK1Vog4=,MSome7XCVtpSbLh9wsOyX6x0BNA=
-15,-4,YYamlhE35lLSYsA2gLjNvK1Vog4=,MSome7XCVtpSbLh9wsOyX6x0BNA=
-15,-6,YYamlhE35lLSYsA2gLjNvK1Vog4=,MSome7XCVtpSbLh9wsOyX6x0BNA=
-10,-2,YYamlhE35lLSYsA2gLjNvK1Vog4=,MSome7XCVtpSbLh9wsOyX6x0BNA=
-11,-7,YYamlhE35lLSYsA2gLjNvK1Vog4=,MSome7XCVtpSbLh9wsOyX6x0BNA=
-11,-2,YYamlhE35lLSYsA2gLjNvK1Vog4=,MSome7XCVtpSbLh9wsOyX6x0BNA=
-12,-2,YYamlhE35lLSYsA2gLjNvK1Vog4=,MSome7XCVtpSbLh9wsOyX6x0BNA=
-13,-2,R76EnPu3y7OEMJ7ZkP9KMD0Ll2Y=,MSome7XCVtpSbLh9wsOyX6x0BNA=
-14,-2,YYamlhE35lLSYsA2gLjNvK1Vog4=,MSome7XCVtpSbLh9wsOyX6x0BNA=
-15,-2,YYamlhE35lLSYsA2gLjNvK1Vog4=,MSome7XCVtpSbLh9wsOyX6x0BNA=
-10,-3,YYamlhE35lLSYsA2gLjNvK1Vog4=,MSome7XCVtpSbLh9wsOyX6x0BNA=
-11,-3,YYamlhE35lLSYsA2gLjNvK1Vog4=,MSome7XCVtpSbLh9wsOyX6x0BNA=
-12,-3,YYamlhE35lLSYsA2gLjNvK1Vog4=,MSome7XCVtpSbLh9wsOyX6x0BNA=
-12,-7,hQefhwtI6rMHmfUxNUVbkapGWFg=,MSome7XCVtpSbLh9wsOyX6x0BNA=
-13,-3,YYamlhE35lLSYsA2gLjNvK1Vog4=,MSome7XCVtpSbLh9wsOyX6x0BNA=
-13,-7,YYamlhE35lLSYsA2gLjNvK1Vog4=,MSome7XCVtpSbLh9wsOyX6x0BNA=
-14,-3,YYamlhE35lLSYsA2gLjNvK1Vog4=,MSome7XCVtpSbLh9wsOyX6x0BNA=
-15,-3,YYamlhE35lLSYsA2gLjNvK1Vog4=,MSome7XCVtpSbLh9wsOyX6x0BNA=
-14,-7,YYamlhE35lLSYsA2gLjNvK1Vog4=,MSome7XCVtpSbLh9wsOyX6x0BNA=
-15,-1,YYamlhE35lLSYsA2gLjNvK1Vog4=,MSome7XCVtpSbLh9wsOyX6x0BNA=
-14,-1,YYamlhE35lLSYsA2gLjNvK1Vog4=,MSome7XCVtpSbLh9wsOyX6x0BNA=
-10,-1,YYamlhE35lLSYsA2gLjNvK1Vog4=,MSome7XCVtpSbLh9wsOyX6x0BNA=
-11,-1,YYamlhE35lLSYsA2gLjNvK1Vog4=,MSome7XCVtpSbLh9wsOyX6x0BNA=
-12,-1,YYamlhE35lLSYsA2gLjNvK1Vog4=,MSome7XCVtpSbLh9wsOyX6x0BNA=
-13,-1,YYamlhE35lLSYsA2gLjNvK1Vog4=,MSome7XCVtpSbLh9wsOyX6x0BNA=
-16,-7,YYamlhE35lLSYsA2gLjNvK1Vog4=,MSome7XCVtpSbLh9wsOyX6x0BNA=
-16,-3,YYamlhE35lLSYsA2gLjNvK1Vog4=,MSome7XCVtpSbLh9wsOyX6x0BNA=
-16,-6,YYamlhE35lLSYsA2gLjNvK1Vog4=,MSome7XCVtpSbLh9wsOyX6x0BNA=
-16,-2,YYamlhE35lLSYsA2gLjNvK1Vog4=,MSome7XCVtpSbLh9wsOyX6x0BNA=
-16,-4,YYamlhE35lLSYsA2gLjNvK1Vog4=,MSome7XCVtpSbLh9wsOyX6x0BNA=
-16,-1,YYamlhE35lLSYsA2gLjNvK1Vog4=,MSome7XCVtpSbLh9wsOyX6x0BNA=
-16,-5,YYamlhE35lLSYsA2gLjNvK1Vog4=,MSome7XCVtpSbLh9wsOyX6x0BNA=
-16,-8,YYamlhE35lLSYsA2gLjNvK1Vog4=,MSome7XCVtpSbLh9wsOyX6x0BNA=
-8,-13,R76EnPu3y7OEMJ7ZkP9KMD0Ll2Y=,SZtLoz0/JYko7Ync+ymPw7evcSw=
-7,-13,R76EnPu3y7OEMJ7ZkP9KMD0Ll2Y=,SZtLoz0/JYko7Ync+ymPw7evcSw=
-8,-16,hQefhwtI6rMHmfUxNUVbkapGWFg=,SZtLoz0/JYko7Ync+ymPw7evcSw=
-3,-13,YYamlhE35lLSYsA2gLjNvK1Vog4=,SZtLoz0/JYko7Ync+ymPw7evcSw=
-2,-13,R76EnPu3y7OEMJ7ZkP9KMD0Ll2Y=,SZtLoz0/JYko7Ync+ymPw7evcSw=
-1,-10,hQefhwtI6rMHmfUxNUVbkapGWFg=,SZtLoz0/JYko7Ync+ymPw7evcSw=
-1,-14,YYamlhE35lLSYsA2gLjNvK1Vog4=,SZtLoz0/JYko7Ync+ymPw7evcSw=
-2,-10,YYamlhE35lLSYsA2gLjNvK1Vog4=,SZtLoz0/JYko7Ync+ymPw7evcSw=
-2,-14,YYamlhE35lLSYsA2gLjNvK1Vog4=,SZtLoz0/JYko7Ync+ymPw7evcSw=
-3,-14,YYamlhE35lLSYsA2gLjNvK1Vog4=,SZtLoz0/JYko7Ync+ymPw7evcSw=
-7,-14,R76EnPu3y7OEMJ7ZkP9KMD0Ll2Y=,SZtLoz0/JYko7Ync+ymPw7evcSw=
-8,-14,R76EnPu3y7OEMJ7ZkP9KMD0Ll2Y=,SZtLoz0/JYko7Ync+ymPw7evcSw=
-1,-15,YYamlhE35lLSYsA2gLjNvK1Vog4=,SZtLoz0/JYko7Ync+ymPw7evcSw=
-2,-15,YYamlhE35lLSYsA2gLjNvK1Vog4=,SZtLoz0/JYko7Ync+ymPw7evcSw=
-3,-15,R76EnPu3y7OEMJ7ZkP9KMD0Ll2Y=,SZtLoz0/JYko7Ync+ymPw7evcSw=
-6,-10,hQefhwtI6rMHmfUxNUVbkapGWFg=,SZtLoz0/JYko7Ync+ymPw7evcSw=
-6,-15,R76EnPu3y7OEMJ7ZkP9KMD0Ll2Y=,SZtLoz0/JYko7Ync+ymPw7evcSw=
-7,-15,R76EnPu3y7OEMJ7ZkP9KMD0Ll2Y=,SZtLoz0/JYko7Ync+ymPw7evcSw=
-8,-15,R76EnPu3y7OEMJ7ZkP9KMD0Ll2Y=,SZtLoz0/JYko7Ync+ymPw7evcSw=
-1,-16,YYamlhE35lLSYsA2gLjNvK1Vog4=,SZtLoz0/JYko7Ync+ymPw7evcSw=
-2,-16,YYamlhE35lLSYsA2gLjNvK1Vog4=,SZtLoz0/JYko7Ync+ymPw7evcSw=
-3,-16,hQefhwtI6rMHmfUxNUVbkapGWFg=,SZtLoz0/JYko7Ync+ymPw7evcSw=
-4,-16,hQefhwtI6rMHmfUxNUVbkapGWFg=,SZtLoz0/JYko7Ync+ymPw7evcSw=
-7,-10,hQefhwtI6rMHmfUxNUVbkapGWFg=,SZtLoz0/JYko7Ync+ymPw7evcSw=
-8,-10,hQefhwtI6rMHmfUxNUVbkapGWFg=,SZtLoz0/JYko7Ync+ymPw7evcSw=
-1,-11,YYamlhE35lLSYsA2gLjNvK1Vog4=,SZtLoz0/JYko7Ync+ymPw7evcSw=
-2,-11,YYamlhE35lLSYsA2gLjNvK1Vog4=,SZtLoz0/JYko7Ync+ymPw7evcSw=
-5,-16,hQefhwtI6rMHmfUxNUVbkapGWFg=,SZtLoz0/JYko7Ync+ymPw7evcSw=
-6,-11,hQefhwtI6rMHmfUxNUVbkapGWFg=,SZtLoz0/JYko7Ync+ymPw7evcSw=
-7,-11,R76EnPu3y7OEMJ7ZkP9KMD0Ll2Y=,SZtLoz0/JYko7Ync+ymPw7evcSw=
-8,-11,hQefhwtI6rMHmfUxNUVbkapGWFg=,SZtLoz0/JYko7Ync+ymPw7evcSw=
-1,-12,YYamlhE35lLSYsA2gLjNvK1Vog4=,SZtLoz0/JYko7Ync+ymPw7evcSw=
-2,-12,YYamlhE35lLSYsA2gLjNvK1Vog4=,SZtLoz0/JYko7Ync+ymPw7evcSw=
-6,-16,hQefhwtI6rMHmfUxNUVbkapGWFg=,SZtLoz0/JYko7Ync+ymPw7evcSw=
-3,-12,YYamlhE35lLSYsA2gLjNvK1Vog4=,SZtLoz0/JYko7Ync+ymPw7evcSw=
-6,-12,hQefhwtI6rMHmfUxNUVbkapGWFg=,SZtLoz0/JYko7Ync+ymPw7evcSw=
-7,-12,R76EnPu3y7OEMJ7ZkP9KMD0Ll2Y=,SZtLoz0/JYko7Ync+ymPw7evcSw=
-8,-12,R76EnPu3y7OEMJ7ZkP9KMD0Ll2Y=,SZtLoz0/JYko7Ync+ymPw7evcSw=
-7,-16,hQefhwtI6rMHmfUxNUVbkapGWFg=,SZtLoz0/JYko7Ync+ymPw7evcSw=
-1,-13,YYamlhE35lLSYsA2gLjNvK1Vog4=,SZtLoz0/JYko7Ync+ymPw7evcSw=
-4,-15,YYamlhE35lLSYsA2gLjNvK1Vog4=,SZtLoz0/JYko7Ync+ymPw7evcSw=
-6,-14,hQefhwtI6rMHmfUxNUVbkapGWFg=,SZtLoz0/JYko7Ync+ymPw7evcSw=
-5,-15,YYamlhE35lLSYsA2gLjNvK1Vog4=,SZtLoz0/JYko7Ync+ymPw7evcSw=
-6,-13,YYamlhE35lLSYsA2gLjNvK1Vog4=,SZtLoz0/JYko7Ync+ymPw7evcSw=
-5,-13,YYamlhE35lLSYsA2gLjNvK1Vog4=,SZtLoz0/JYko7Ync+ymPw7evcSw=
-4,-14,YYamlhE35lLSYsA2gLjNvK1Vog4=,SZtLoz0/JYko7Ync+ymPw7evcSw=
-4,-13,YYamlhE35lLSYsA2gLjNvK1Vog4=,SZtLoz0/JYko7Ync+ymPw7evcSw=
-5,-14,YYamlhE35lLSYsA2gLjNvK1Vog4=,SZtLoz0/JYko7Ync+ymPw7evcSw=
-9,-8,hQefhwtI6rMHmfUxNUVbkapGWFg=,MSome7XCVtpSbLh9wsOyX6x0BNA=
-8,-2,YYamlhE35lLSYsA2gLjNvK1Vog4=,MdzPPK1Z5AjtSxPvu5DEfXyNbE8=
-7,-2,YYamlhE35lLSYsA2gLjNvK1Vog4=,MdzPPK1Z5AjtSxPvu5DEfXyNbE8=
-6,-2,R76EnPu3y7OEMJ7ZkP9KMD0Ll2Y=,MdzPPK1Z5AjtSxPvu5DEfXyNbE8=
-5,-2,R76EnPu3y7OEMJ7ZkP9KMD0Ll2Y=,MdzPPK1Z5AjtSxPvu5DEfXyNbE8=
-4,-2,YYamlhE35lLSYsA2gLjNvK1Vog4=,MdzPPK1Z5AjtSxPvu5DEfXyNbE8=
-8,-9,hQefhwtI6rMHmfUxNUVbkapGWFg=,SZtLoz0/JYko7Ync+ymPw7evcSw=
-7,-9,hQefhwtI6rMHmfUxNUVbkapGWFg=,SZtLoz0/JYko7Ync+ymPw7evcSw=
-8,-1,hQefhwtI6rMHmfUxNUVbkapGWFg=,MdzPPK1Z5AjtSxPvu5DEfXyNbE8=
-7,-1,YYamlhE35lLSYsA2gLjNvK1Vog4=,MdzPPK1Z5AjtSxPvu5DEfXyNbE8=
-6,-1,YYamlhE35lLSYsA2gLjNvK1Vog4=,MdzPPK1Z5AjtSxPvu5DEfXyNbE8=
-7,-7,hQefhwtI6rMHmfUxNUVbkapGWFg=,MdzPPK1Z5AjtSxPvu5DEfXyNbE8=
-8,-7,hQefhwtI6rMHmfUxNUVbkapGWFg=,MdzPPK1Z5AjtSxPvu5DEfXyNbE8=
-5,-1,YYamlhE35lLSYsA2gLjNvK1Vog4=,MdzPPK1Z5AjtSxPvu5DEfXyNbE8=
-4,-1,YYamlhE35lLSYsA2gLjNvK1Vog4=,MdzPPK1Z5AjtSxPvu5DEfXyNbE8=
-3,-1,YYamlhE35lLSYsA2gLjNvK1Vog4=,MdzPPK1Z5AjtSxPvu5DEfXyNbE8=
-9,-7,hQefhwtI6rMHmfUxNUVbkapGWFg=,MSome7XCVtpSbLh9wsOyX6x0BNA=
-5,-6,R76EnPu3y7OEMJ7ZkP9KMD0Ll2Y=,MdzPPK1Z5AjtSxPvu5DEfXyNbE8=
-4,-6,hQefhwtI6rMHmfUxNUVbkapGWFg=,MdzPPK1Z5AjtSxPvu5DEfXyNbE8=
-6,-6,hQefhwtI6rMHmfUxNUVbkapGWFg=,MdzPPK1Z5AjtSxPvu5DEfXyNbE8=
-3,-11,YYamlhE35lLSYsA2gLjNvK1Vog4=,SZtLoz0/JYko7Ync+ymPw7evcSw=
-3,-6,YYamlhE35lLSYsA2gLjNvK1Vog4=,MdzPPK1Z5AjtSxPvu5DEfXyNbE8=
-3,-10,YYamlhE35lLSYsA2gLjNvK1Vog4=,SZtLoz0/JYko7Ync+ymPw7evcSw=
-4,-11,YYamlhE35lLSYsA2gLjNvK1Vog4=,SZtLoz0/JYko7Ync+ymPw7evcSw=
-2,-8,YYamlhE35lLSYsA2gLjNvK1Vog4=,MdzPPK1Z5AjtSxPvu5DEfXyNbE8=
-1,-6,YYamlhE35lLSYsA2gLjNvK1Vog4=,MdzPPK1Z5AjtSxPvu5DEfXyNbE8=
-7,-6,hQefhwtI6rMHmfUxNUVbkapGWFg=,MdzPPK1Z5AjtSxPvu5DEfXyNbE8=
-8,-6,hQefhwtI6rMHmfUxNUVbkapGWFg=,MdzPPK1Z5AjtSxPvu5DEfXyNbE8=
-9,-4,YYamlhE35lLSYsA2gLjNvK1Vog4=,MSome7XCVtpSbLh9wsOyX6x0BNA=
-1,-9,YYamlhE35lLSYsA2gLjNvK1Vog4=,SZtLoz0/JYko7Ync+ymPw7evcSw=
-4,-12,YYamlhE35lLSYsA2gLjNvK1Vog4=,SZtLoz0/JYko7Ync+ymPw7evcSw=
-3,-8,YYamlhE35lLSYsA2gLjNvK1Vog4=,MdzPPK1Z5AjtSxPvu5DEfXyNbE8=
-5,-10,hQefhwtI6rMHmfUxNUVbkapGWFg=,SZtLoz0/JYko7Ync+ymPw7evcSw=
-7,-8,hQefhwtI6rMHmfUxNUVbkapGWFg=,MdzPPK1Z5AjtSxPvu5DEfXyNbE8=
-5,-12,YYamlhE35lLSYsA2gLjNvK1Vog4=,SZtLoz0/JYko7Ync+ymPw7evcSw=
-2,-6,YYamlhE35lLSYsA2gLjNvK1Vog4=,MdzPPK1Z5AjtSxPvu5DEfXyNbE8=
-8,-8,hQefhwtI6rMHmfUxNUVbkapGWFg=,MdzPPK1Z5AjtSxPvu5DEfXyNbE8=
-9,-1,YYamlhE35lLSYsA2gLjNvK1Vog4=,MSome7XCVtpSbLh9wsOyX6x0BNA=
-9,-2,hQefhwtI6rMHmfUxNUVbkapGWFg=,MSome7XCVtpSbLh9wsOyX6x0BNA=
-2,-9,YYamlhE35lLSYsA2gLjNvK1Vog4=,SZtLoz0/JYko7Ync+ymPw7evcSw=
-9,-3,hQefhwtI6rMHmfUxNUVbkapGWFg=,MSome7XCVtpSbLh9wsOyX6x0BNA=
-2,-1,YYamlhE35lLSYsA2gLjNvK1Vog4=,MdzPPK1Z5AjtSxPvu5DEfXyNbE8=
-9,-5,hQefhwtI6rMHmfUxNUVbkapGWFg=,MSome7XCVtpSbLh9wsOyX6x0BNA=
-3,-9,YYamlhE35lLSYsA2gLjNvK1Vog4=,SZtLoz0/JYko7Ync+ymPw7evcSw=
-5,-11,YYamlhE35lLSYsA2gLjNvK1Vog4=,SZtLoz0/JYko7Ync+ymPw7evcSw=
-6,-8,hQefhwtI6rMHmfUxNUVbkapGWFg=,MdzPPK1Z5AjtSxPvu5DEfXyNbE8=
-3,-2,YYamlhE35lLSYsA2gLjNvK1Vog4=,MdzPPK1Z5AjtSxPvu5DEfXyNbE8=
-4,-10,YYamlhE35lLSYsA2gLjNvK1Vog4=,SZtLoz0/JYko7Ync+ymPw7evcSw=
-4,-8,YYamlhE35lLSYsA2gLjNvK1Vog4=,MdzPPK1Z5AjtSxPvu5DEfXyNbE8=
-1,-7,YYamlhE35lLSYsA2gLjNvK1Vog4=,MdzPPK1Z5AjtSxPvu5DEfXyNbE8=
-4,-7,YYamlhE35lLSYsA2gLjNvK1Vog4=,MdzPPK1Z5AjtSxPvu5DEfXyNbE8=
-2,-7,YYamlhE35lLSYsA2gLjNvK1Vog4=,MdzPPK1Z5AjtSxPvu5DEfXyNbE8=
-5,-7,hQefhwtI6rMHmfUxNUVbkapGWFg=,MdzPPK1Z5AjtSxPvu5DEfXyNbE8=
-6,-3,YYamlhE35lLSYsA2gLjNvK1Vog4=,MdzPPK1Z5AjtSxPvu5DEfXyNbE8=
-5,-3,YYamlhE35lLSYsA2gLjNvK1Vog4=,MdzPPK1Z5AjtSxPvu5DEfXyNbE8=
-4,-9,YYamlhE35lLSYsA2gLjNvK1Vog4=,SZtLoz0/JYko7Ync+ymPw7evcSw=
-7,-3,YYamlhE35lLSYsA2gLjNvK1Vog4=,MdzPPK1Z5AjtSxPvu5DEfXyNbE8=
-5,-8,hQefhwtI6rMHmfUxNUVbkapGWFg=,MdzPPK1Z5AjtSxPvu5DEfXyNbE8=
-8,-5,hQefhwtI6rMHmfUxNUVbkapGWFg=,MdzPPK1Z5AjtSxPvu5DEfXyNbE8=
-2,-3,YYamlhE35lLSYsA2gLjNvK1Vog4=,MdzPPK1Z5AjtSxPvu5DEfXyNbE8=
-8,-3,YYamlhE35lLSYsA2gLjNvK1Vog4=,MdzPPK1Z5AjtSxPvu5DEfXyNbE8=
-1,-3,YYamlhE35lLSYsA2gLjNvK1Vog4=,MdzPPK1Z5AjtSxPvu5DEfXyNbE8=
-6,-7,hQefhwtI6rMHmfUxNUVbkapGWFg=,MdzPPK1Z5AjtSxPvu5DEfXyNbE8=
-3,-3,YYamlhE35lLSYsA2gLjNvK1Vog4=,MdzPPK1Z5AjtSxPvu5DEfXyNbE8=
-4,-3,YYamlhE35lLSYsA2gLjNvK1Vog4=,MdzPPK1Z5AjtSxPvu5DEfXyNbE8=
-6,-9,hQefhwtI6rMHmfUxNUVbkapGWFg=,SZtLoz0/JYko7Ync+ymPw7evcSw=
-9,-6,R76EnPu3y7OEMJ7ZkP9KMD0Ll2Y=,MSome7XCVtpSbLh9wsOyX6x0BNA=
-3,-7,YYamlhE35lLSYsA2gLjNvK1Vog4=,MdzPPK1Z5AjtSxPvu5DEfXyNbE8=
-7,-4,YYamlhE35lLSYsA2gLjNvK1Vog4=,MdzPPK1Z5AjtSxPvu5DEfXyNbE8=
-3,-4,YYamlhE35lLSYsA2gLjNvK1Vog4=,MdzPPK1Z5AjtSxPvu5DEfXyNbE8=
-2,-2,YYamlhE35lLSYsA2gLjNvK1Vog4=,MdzPPK1Z5AjtSxPvu5DEfXyNbE8=
-4,-4,YYamlhE35lLSYsA2gLjNvK1Vog4=,MdzPPK1Z5AjtSxPvu5DEfXyNbE8=
-5,-4,YYamlhE35lLSYsA2gLjNvK1Vog4=,MdzPPK1Z5AjtSxPvu5DEfXyNbE8=
-2,-4,YYamlhE35lLSYsA2gLjNvK1Vog4=,MdzPPK1Z5AjtSxPvu5DEfXyNbE8=
-2,-5,YYamlhE35lLSYsA2gLjNvK1Vog4=,MdzPPK1Z5AjtSxPvu5DEfXyNbE8=
-5,-9,hQefhwtI6rMHmfUxNUVbkapGWFg=,SZtLoz0/JYko7Ync+ymPw7evcSw=
-7,-5,R76EnPu3y7OEMJ7ZkP9KMD0Ll2Y=,MdzPPK1Z5AjtSxPvu5DEfXyNbE8=
-8,-4,YYamlhE35lLSYsA2gLjNvK1Vog4=,MdzPPK1Z5AjtSxPvu5DEfXyNbE8=
-1,-5,YYamlhE35lLSYsA2gLjNvK1Vog4=,MdzPPK1Z5AjtSxPvu5DEfXyNbE8=
-1,-4,YYamlhE35lLSYsA2gLjNvK1Vog4=,MdzPPK1Z5AjtSxPvu5DEfXyNbE8=
-1,-8,YYamlhE35lLSYsA2gLjNvK1Vog4=,MdzPPK1Z5AjtSxPvu5DEfXyNbE8=
-3,-5,YYamlhE35lLSYsA2gLjNvK1Vog4=,MdzPPK1Z5AjtSxPvu5DEfXyNbE8=
-6,-4,YYamlhE35lLSYsA2gLjNvK1Vog4=,MdzPPK1Z5AjtSxPvu5DEfXyNbE8=
-6,-5,hQefhwtI6rMHmfUxNUVbkapGWFg=,MdzPPK1Z5AjtSxPvu5DEfXyNbE8=
-1,-1,YYamlhE35lLSYsA2gLjNvK1Vog4=,MdzPPK1Z5AjtSxPvu5DEfXyNbE8=
-4,-5,YYamlhE35lLSYsA2gLjNvK1Vog4=,MdzPPK1Z5AjtSxPvu5DEfXyNbE8=
-5,-5,hQefhwtI6rMHmfUxNUVbkapGWFg=,MdzPPK1Z5AjtSxPvu5DEfXyNbE8=
-1,-2,YYamlhE35lLSYsA2gLjNvK1Vog4=,MdzPPK1Z5AjtSxPvu5DEfXyNbE8=
-24,-6,RkPQlGmpIAXtHR4SbMdLBSJLYg8=,Ffn7POGoB7vYgQ6U3Dc0rOJGtzk=
-17,-5,RkPQlGmpIAXtHR4SbMdLBSJLYg8=,Ffn7POGoB7vYgQ6U3Dc0rOJGtzk=
-17,-4,RkPQlGmpIAXtHR4SbMdLBSJLYg8=,Ffn7POGoB7vYgQ6U3Dc0rOJGtzk=
-18,-4,RkPQlGmpIAXtHR4SbMdLBSJLYg8=,Ffn7POGoB7vYgQ6U3Dc0rOJGtzk=
-17,-6,RkPQlGmpIAXtHR4SbMdLBSJLYg8=,Ffn7POGoB7vYgQ6U3Dc0rOJGtzk=
-18,-5,RkPQlGmpIAXtHR4SbMdLBSJLYg8=,Ffn7POGoB7vYgQ6U3Dc0rOJGtzk=
-17,-8,RkPQlGmpIAXtHR4SbMdLBSJLYg8=,Ffn7POGoB7vYgQ6U3Dc0rOJGtzk=
-18,-6,RkPQlGmpIAXtHR4SbMdLBSJLYg8=,Ffn7POGoB7vYgQ6U3Dc0rOJGtzk=
-19,-5,RkPQlGmpIAXtHR4SbMdLBSJLYg8=,Ffn7POGoB7vYgQ6U3Dc0rOJGtzk=
-19,-4,RkPQlGmpIAXtHR4SbMdLBSJLYg8=,Ffn7POGoB7vYgQ6U3Dc0rOJGtzk=
-17,-7,RkPQlGmpIAXtHR4SbMdLBSJLYg8=,Ffn7POGoB7vYgQ6U3Dc0rOJGtzk=
-20,-5,RkPQlGmpIAXtHR4SbMdLBSJLYg8=,Ffn7POGoB7vYgQ6U3Dc0rOJGtzk=
-21,-5,RkPQlGmpIAXtHR4SbMdLBSJLYg8=,Ffn7POGoB7vYgQ6U3Dc0rOJGtzk=
-21,-8,RkPQlGmpIAXtHR4SbMdLBSJLYg8=,Ffn7POGoB7vYgQ6U3Dc0rOJGtzk=
-19,-8,RkPQlGmpIAXtHR4SbMdLBSJLYg8=,Ffn7POGoB7vYgQ6U3Dc0rOJGtzk=
-21,-4,RkPQlGmpIAXtHR4SbMdLBSJLYg8=,Ffn7POGoB7vYgQ6U3Dc0rOJGtzk=
-20,-4,RkPQlGmpIAXtHR4SbMdLBSJLYg8=,Ffn7POGoB7vYgQ6U3Dc0rOJGtzk=
-20,-8,RkPQlGmpIAXtHR4SbMdLBSJLYg8=,Ffn7POGoB7vYgQ6U3Dc0rOJGtzk=
-23,-5,RkPQlGmpIAXtHR4SbMdLBSJLYg8=,Ffn7POGoB7vYgQ6U3Dc0rOJGtzk=
-18,-7,RkPQlGmpIAXtHR4SbMdLBSJLYg8=,Ffn7POGoB7vYgQ6U3Dc0rOJGtzk=
-18,-1,RkPQlGmpIAXtHR4SbMdLBSJLYg8=,Ffn7POGoB7vYgQ6U3Dc0rOJGtzk=
-18,-8,RkPQlGmpIAXtHR4SbMdLBSJLYg8=,Ffn7POGoB7vYgQ6U3Dc0rOJGtzk=
-19,-7,RkPQlGmpIAXtHR4SbMdLBSJLYg8=,Ffn7POGoB7vYgQ6U3Dc0rOJGtzk=
-20,-1,RkPQlGmpIAXtHR4SbMdLBSJLYg8=,Ffn7POGoB7vYgQ6U3Dc0rOJGtzk=
-22,-5,RkPQlGmpIAXtHR4SbMdLBSJLYg8=,Ffn7POGoB7vYgQ6U3Dc0rOJGtzk=
-23,-1,RkPQlGmpIAXtHR4SbMdLBSJLYg8=,Ffn7POGoB7vYgQ6U3Dc0rOJGtzk=
-22,-1,RkPQlGmpIAXtHR4SbMdLBSJLYg8=,Ffn7POGoB7vYgQ6U3Dc0rOJGtzk=
-21,-1,RkPQlGmpIAXtHR4SbMdLBSJLYg8=,Ffn7POGoB7vYgQ6U3Dc0rOJGtzk=
-19,-1,RkPQlGmpIAXtHR4SbMdLBSJLYg8=,Ffn7POGoB7vYgQ6U3Dc0rOJGtzk=
-24,-1,RkPQlGmpIAXtHR4SbMdLBSJLYg8=,Ffn7POGoB7vYgQ6U3Dc0rOJGtzk=
-20,-6,RkPQlGmpIAXtHR4SbMdLBSJLYg8=,Ffn7POGoB7vYgQ6U3Dc0rOJGtzk=
-17,-2,RkPQlGmpIAXtHR4SbMdLBSJLYg8=,Ffn7POGoB7vYgQ6U3Dc0rOJGtzk=
-19,-6,RkPQlGmpIAXtHR4SbMdLBSJLYg8=,Ffn7POGoB7vYgQ6U3Dc0rOJGtzk=
-21,-7,RkPQlGmpIAXtHR4SbMdLBSJLYg8=,Ffn7POGoB7vYgQ6U3Dc0rOJGtzk=
-23,-8,RkPQlGmpIAXtHR4SbMdLBSJLYg8=,Ffn7POGoB7vYgQ6U3Dc0rOJGtzk=
-20,-7,RkPQlGmpIAXtHR4SbMdLBSJLYg8=,Ffn7POGoB7vYgQ6U3Dc0rOJGtzk=
-18,-2,RkPQlGmpIAXtHR4SbMdLBSJLYg8=,Ffn7POGoB7vYgQ6U3Dc0rOJGtzk=
-21,-6,RkPQlGmpIAXtHR4SbMdLBSJLYg8=,Ffn7POGoB7vYgQ6U3Dc0rOJGtzk=
-24,-5,RkPQlGmpIAXtHR4SbMdLBSJLYg8=,Ffn7POGoB7vYgQ6U3Dc0rOJGtzk=
-20,-2,RkPQlGmpIAXtHR4SbMdLBSJLYg8=,Ffn7POGoB7vYgQ6U3Dc0rOJGtzk=
-19,-2,RkPQlGmpIAXtHR4SbMdLBSJLYg8=,Ffn7POGoB7vYgQ6U3Dc0rOJGtzk=
-21,-2,RkPQlGmpIAXtHR4SbMdLBSJLYg8=,Ffn7POGoB7vYgQ6U3Dc0rOJGtzk=
-22,-2,RkPQlGmpIAXtHR4SbMdLBSJLYg8=,Ffn7POGoB7vYgQ6U3Dc0rOJGtzk=
-24,-2,RkPQlGmpIAXtHR4SbMdLBSJLYg8=,Ffn7POGoB7vYgQ6U3Dc0rOJGtzk=
-23,-2,RkPQlGmpIAXtHR4SbMdLBSJLYg8=,Ffn7POGoB7vYgQ6U3Dc0rOJGtzk=
-22,-8,RkPQlGmpIAXtHR4SbMdLBSJLYg8=,Ffn7POGoB7vYgQ6U3Dc0rOJGtzk=
-22,-4,RkPQlGmpIAXtHR4SbMdLBSJLYg8=,Ffn7POGoB7vYgQ6U3Dc0rOJGtzk=
-17,-3,RkPQlGmpIAXtHR4SbMdLBSJLYg8=,Ffn7POGoB7vYgQ6U3Dc0rOJGtzk=
-18,-3,RkPQlGmpIAXtHR4SbMdLBSJLYg8=,Ffn7POGoB7vYgQ6U3Dc0rOJGtzk=
-24,-4,RkPQlGmpIAXtHR4SbMdLBSJLYg8=,Ffn7POGoB7vYgQ6U3Dc0rOJGtzk=
-23,-4,RkPQlGmpIAXtHR4SbMdLBSJLYg8=,Ffn7POGoB7vYgQ6U3Dc0rOJGtzk=
-22,-7,RkPQlGmpIAXtHR4SbMdLBSJLYg8=,Ffn7POGoB7vYgQ6U3Dc0rOJGtzk=
-22,-6,RkPQlGmpIAXtHR4SbMdLBSJLYg8=,Ffn7POGoB7vYgQ6U3Dc0rOJGtzk=
-19,-3,RkPQlGmpIAXtHR4SbMdLBSJLYg8=,Ffn7POGoB7vYgQ6U3Dc0rOJGtzk=
-22,-3,RkPQlGmpIAXtHR4SbMdLBSJLYg8=,Ffn7POGoB7vYgQ6U3Dc0rOJGtzk=
-23,-7,RkPQlGmpIAXtHR4SbMdLBSJLYg8=,Ffn7POGoB7vYgQ6U3Dc0rOJGtzk=
-21,-3,RkPQlGmpIAXtHR4SbMdLBSJLYg8=,Ffn7POGoB7vYgQ6U3Dc0rOJGtzk=
-23,-6,RkPQlGmpIAXtHR4SbMdLBSJLYg8=,Ffn7POGoB7vYgQ6U3Dc0rOJGtzk=
-24,-7,RkPQlGmpIAXtHR4SbMdLBSJLYg8=,Ffn7POGoB7vYgQ6U3Dc0rOJGtzk=
-23,-3,RkPQlGmpIAXtHR4SbMdLBSJLYg8=,Ffn7POGoB7vYgQ6U3Dc0rOJGtzk=
-20,-3,RkPQlGmpIAXtHR4SbMdLBSJLYg8=,Ffn7POGoB7vYgQ6U3Dc0rOJGtzk=
-24,-3,RkPQlGmpIAXtHR4SbMdLBSJLYg8=,Ffn7POGoB7vYgQ6U3Dc0rOJGtzk=
-17,-1,RkPQlGmpIAXtHR4SbMdLBSJLYg8=,Ffn7POGoB7vYgQ6U3Dc0rOJGtzk=
-24,-8,RkPQlGmpIAXtHR4SbMdLBSJLYg8=,Ffn7POGoB7vYgQ6U3Dc0rOJGtzk=
-20,-13,N3Kc9Mkj1BhPTVwl6GSYkAdu5R0=,iLRb7pGAwoCPn3a0pduV1MXxtBc=
-23,-14,ZY9B1UyvsMMPLkKv34ByLVpiavc=,iLRb7pGAwoCPn3a0pduV1MXxtBc=
-19,-13,N3Kc9Mkj1BhPTVwl6GSYkAdu5R0=,iLRb7pGAwoCPn3a0pduV1MXxtBc=
-22,-14,N3Kc9Mkj1BhPTVwl6GSYkAdu5R0=,iLRb7pGAwoCPn3a0pduV1MXxtBc=
-23,-10,ZY9B1UyvsMMPLkKv34ByLVpiavc=,iLRb7pGAwoCPn3a0pduV1MXxtBc=
-22,-10,ZY9B1UyvsMMPLkKv34ByLVpiavc=,iLRb7pGAwoCPn3a0pduV1MXxtBc=
-21,-10,ZY9B1UyvsMMPLkKv34ByLVpiavc=,iLRb7pGAwoCPn3a0pduV1MXxtBc=
-19,-12,ZY9B1UyvsMMPLkKv34ByLVpiavc=,iLRb7pGAwoCPn3a0pduV1MXxtBc=
-20,-12,ZY9B1UyvsMMPLkKv34ByLVpiavc=,iLRb7pGAwoCPn3a0pduV1MXxtBc=
-18,-15,ZY9B1UyvsMMPLkKv34ByLVpiavc=,iLRb7pGAwoCPn3a0pduV1MXxtBc=
-19,-15,ZY9B1UyvsMMPLkKv34ByLVpiavc=,iLRb7pGAwoCPn3a0pduV1MXxtBc=
-20,-15,ZY9B1UyvsMMPLkKv34ByLVpiavc=,iLRb7pGAwoCPn3a0pduV1MXxtBc=
-21,-15,ZY9B1UyvsMMPLkKv34ByLVpiavc=,iLRb7pGAwoCPn3a0pduV1MXxtBc=
-22,-15,N3Kc9Mkj1BhPTVwl6GSYkAdu5R0=,iLRb7pGAwoCPn3a0pduV1MXxtBc=
-21,-13,N3Kc9Mkj1BhPTVwl6GSYkAdu5R0=,iLRb7pGAwoCPn3a0pduV1MXxtBc=
-23,-15,N3Kc9Mkj1BhPTVwl6GSYkAdu5R0=,iLRb7pGAwoCPn3a0pduV1MXxtBc=
-18,-11,N3Kc9Mkj1BhPTVwl6GSYkAdu5R0=,iLRb7pGAwoCPn3a0pduV1MXxtBc=
-19,-11,N3Kc9Mkj1BhPTVwl6GSYkAdu5R0=,iLRb7pGAwoCPn3a0pduV1MXxtBc=
-21,-12,ZY9B1UyvsMMPLkKv34ByLVpiavc=,iLRb7pGAwoCPn3a0pduV1MXxtBc=
-22,-13,N3Kc9Mkj1BhPTVwl6GSYkAdu5R0=,iLRb7pGAwoCPn3a0pduV1MXxtBc=
-23,-13,N3Kc9Mkj1BhPTVwl6GSYkAdu5R0=,iLRb7pGAwoCPn3a0pduV1MXxtBc=
-18,-14,ZY9B1UyvsMMPLkKv34ByLVpiavc=,iLRb7pGAwoCPn3a0pduV1MXxtBc=
-20,-11,N3Kc9Mkj1BhPTVwl6GSYkAdu5R0=,iLRb7pGAwoCPn3a0pduV1MXxtBc=
-21,-11,N3Kc9Mkj1BhPTVwl6GSYkAdu5R0=,iLRb7pGAwoCPn3a0pduV1MXxtBc=
-22,-12,ZY9B1UyvsMMPLkKv34ByLVpiavc=,iLRb7pGAwoCPn3a0pduV1MXxtBc=
-22,-11,ZY9B1UyvsMMPLkKv34ByLVpiavc=,iLRb7pGAwoCPn3a0pduV1MXxtBc=
-23,-11,ZY9B1UyvsMMPLkKv34ByLVpiavc=,iLRb7pGAwoCPn3a0pduV1MXxtBc=
-19,-14,ZY9B1UyvsMMPLkKv34ByLVpiavc=,iLRb7pGAwoCPn3a0pduV1MXxtBc=
-18,-10,ZY9B1UyvsMMPLkKv34ByLVpiavc=,iLRb7pGAwoCPn3a0pduV1MXxtBc=
-20,-14,N3Kc9Mkj1BhPTVwl6GSYkAdu5R0=,iLRb7pGAwoCPn3a0pduV1MXxtBc=
-19,-10,N3Kc9Mkj1BhPTVwl6GSYkAdu5R0=,iLRb7pGAwoCPn3a0pduV1MXxtBc=
-20,-10,ZY9B1UyvsMMPLkKv34ByLVpiavc=,iLRb7pGAwoCPn3a0pduV1MXxtBc=
-23,-12,ZY9B1UyvsMMPLkKv34ByLVpiavc=,iLRb7pGAwoCPn3a0pduV1MXxtBc=
-18,-12,N3Kc9Mkj1BhPTVwl6GSYkAdu5R0=,iLRb7pGAwoCPn3a0pduV1MXxtBc=
-21,-14,ZY9B1UyvsMMPLkKv34ByLVpiavc=,iLRb7pGAwoCPn3a0pduV1MXxtBc=
-18,-13,ZY9B1UyvsMMPLkKv34ByLVpiavc=,iLRb7pGAwoCPn3a0pduV1MXxtBc=
-24,-14,ZY9B1UyvsMMPLkKv34ByLVpiavc=,iLRb7pGAwoCPn3a0pduV1MXxtBc=
-24,-10,ZY9B1UyvsMMPLkKv34ByLVpiavc=,iLRb7pGAwoCPn3a0pduV1MXxtBc=
-24,-12,ZY9B1UyvsMMPLkKv34ByLVpiavc=,iLRb7pGAwoCPn3a0pduV1MXxtBc=
-24,-11,ZY9B1UyvsMMPLkKv34ByLVpiavc=,iLRb7pGAwoCPn3a0pduV1MXxtBc=
-24,-13,ZY9B1UyvsMMPLkKv34ByLVpiavc=,iLRb7pGAwoCPn3a0pduV1MXxtBc=
-24,-15,N3Kc9Mkj1BhPTVwl6GSYkAdu5R0=,iLRb7pGAwoCPn3a0pduV1MXxtBc=
-23,-16,ZY9B1UyvsMMPLkKv34ByLVpiavc=,iLRb7pGAwoCPn3a0pduV1MXxtBc=
-22,-16,ZY9B1UyvsMMPLkKv34ByLVpiavc=,iLRb7pGAwoCPn3a0pduV1MXxtBc=
-21,-16,ZY9B1UyvsMMPLkKv34ByLVpiavc=,iLRb7pGAwoCPn3a0pduV1MXxtBc=
-20,-16,N3Kc9Mkj1BhPTVwl6GSYkAdu5R0=,iLRb7pGAwoCPn3a0pduV1MXxtBc=
-19,-16,N3Kc9Mkj1BhPTVwl6GSYkAdu5R0=,iLRb7pGAwoCPn3a0pduV1MXxtBc=
-18,-16,N3Kc9Mkj1BhPTVwl6GSYkAdu5R0=,iLRb7pGAwoCPn3a0pduV1MXxtBc=
-17,-13,ZY9B1UyvsMMPLkKv34ByLVpiavc=,iLRb7pGAwoCPn3a0pduV1MXxtBc=
-17,-14,ZY9B1UyvsMMPLkKv34ByLVpiavc=,iLRb7pGAwoCPn3a0pduV1MXxtBc=
-17,-16,N3Kc9Mkj1BhPTVwl6GSYkAdu5R0=,iLRb7pGAwoCPn3a0pduV1MXxtBc=
-17,-11,ZY9B1UyvsMMPLkKv34ByLVpiavc=,iLRb7pGAwoCPn3a0pduV1MXxtBc=
-17,-15,ZY9B1UyvsMMPLkKv34ByLVpiavc=,iLRb7pGAwoCPn3a0pduV1MXxtBc=
-17,-12,ZY9B1UyvsMMPLkKv34ByLVpiavc=,iLRb7pGAwoCPn3a0pduV1MXxtBc=
-24,-16,N3Kc9Mkj1BhPTVwl6GSYkAdu5R0=,iLRb7pGAwoCPn3a0pduV1MXxtBc=
-19,-9,N3Kc9Mkj1BhPTVwl6GSYkAdu5R0=,iLRb7pGAwoCPn3a0pduV1MXxtBc=
-20,-9,N3Kc9Mkj1BhPTVwl6GSYkAdu5R0=,iLRb7pGAwoCPn3a0pduV1MXxtBc=
-21,-9,N3Kc9Mkj1BhPTVwl6GSYkAdu5R0=,iLRb7pGAwoCPn3a0pduV1MXxtBc=
-22,-9,ZY9B1UyvsMMPLkKv34ByLVpiavc=,iLRb7pGAwoCPn3a0pduV1MXxtBc=
-24,-9,N3Kc9Mkj1BhPTVwl6GSYkAdu5R0=,iLRb7pGAwoCPn3a0pduV1MXxtBc=
-23,-9,ZY9B1UyvsMMPLkKv34ByLVpiavc=,iLRb7pGAwoCPn3a0pduV1MXxtBc=
-18,-9,N3Kc9Mkj1BhPTVwl6GSYkAdu5R0=,iLRb7pGAwoCPn3a0pduV1MXxtBc=
-17,-10,N3Kc9Mkj1BhPTVwl6GSYkAdu5R0=,iLRb7pGAwoCPn3a0pduV1MXxtBc=
-17,-9,N3Kc9Mkj1BhPTVwl6GSYkAdu5R0=,iLRb7pGAwoCPn3a0pduV1MXxtBc=
-11,-10,hQefhwtI6rMHmfUxNUVbkapGWFg=,GVWEp3rWtvUoX7ME4alhJw+GTbA=
-10,-10,hQefhwtI6rMHmfUxNUVbkapGWFg=,GVWEp3rWtvUoX7ME4alhJw+GTbA=
-15,-11,R76EnPu3y7OEMJ7ZkP9KMD0Ll2Y=,GVWEp3rWtvUoX7ME4alhJw+GTbA=
-10,-14,YYamlhE35lLSYsA2gLjNvK1Vog4=,GVWEp3rWtvUoX7ME4alhJw+GTbA=
-11,-14,YYamlhE35lLSYsA2gLjNvK1Vog4=,GVWEp3rWtvUoX7ME4alhJw+GTbA=
-12,-14,YYamlhE35lLSYsA2gLjNvK1Vog4=,GVWEp3rWtvUoX7ME4alhJw+GTbA=
-10,-12,hQefhwtI6rMHmfUxNUVbkapGWFg=,GVWEp3rWtvUoX7ME4alhJw+GTbA=
-13,-14,R76EnPu3y7OEMJ7ZkP9KMD0Ll2Y=,GVWEp3rWtvUoX7ME4alhJw+GTbA=
-14,-14,R76EnPu3y7OEMJ7ZkP9KMD0Ll2Y=,GVWEp3rWtvUoX7ME4alhJw+GTbA=
-11,-12,hQefhwtI6rMHmfUxNUVbkapGWFg=,GVWEp3rWtvUoX7ME4alhJw+GTbA=
-15,-10,R76EnPu3y7OEMJ7ZkP9KMD0Ll2Y=,GVWEp3rWtvUoX7ME4alhJw+GTbA=
-13,-13,R76EnPu3y7OEMJ7ZkP9KMD0Ll2Y=,GVWEp3rWtvUoX7ME4alhJw+GTbA=
-14,-13,R76EnPu3y7OEMJ7ZkP9KMD0Ll2Y=,GVWEp3rWtvUoX7ME4alhJw+GTbA=
-15,-14,R76EnPu3y7OEMJ7ZkP9KMD0Ll2Y=,GVWEp3rWtvUoX7ME4alhJw+GTbA=
-10,-11,hQefhwtI6rMHmfUxNUVbkapGWFg=,GVWEp3rWtvUoX7ME4alhJw+GTbA=
-15,-12,R76EnPu3y7OEMJ7ZkP9KMD0Ll2Y=,GVWEp3rWtvUoX7ME4alhJw+GTbA=
-11,-11,R76EnPu3y7OEMJ7ZkP9KMD0Ll2Y=,GVWEp3rWtvUoX7ME4alhJw+GTbA=
-12,-15,YYamlhE35lLSYsA2gLjNvK1Vog4=,GVWEp3rWtvUoX7ME4alhJw+GTbA=
-11,-15,YYamlhE35lLSYsA2gLjNvK1Vog4=,GVWEp3rWtvUoX7ME4alhJw+GTbA=
-10,-15,YYamlhE35lLSYsA2gLjNvK1Vog4=,GVWEp3rWtvUoX7ME4alhJw+GTbA=
-15,-15,R76EnPu3y7OEMJ7ZkP9KMD0Ll2Y=,GVWEp3rWtvUoX7ME4alhJw+GTbA=
-15,-13,R76EnPu3y7OEMJ7ZkP9KMD0Ll2Y=,GVWEp3rWtvUoX7ME4alhJw+GTbA=
-10,-13,YYamlhE35lLSYsA2gLjNvK1Vog4=,GVWEp3rWtvUoX7ME4alhJw+GTbA=
-13,-15,YYamlhE35lLSYsA2gLjNvK1Vog4=,GVWEp3rWtvUoX7ME4alhJw+GTbA=
-11,-13,YYamlhE35lLSYsA2gLjNvK1Vog4=,GVWEp3rWtvUoX7ME4alhJw+GTbA=
-12,-13,hQefhwtI6rMHmfUxNUVbkapGWFg=,GVWEp3rWtvUoX7ME4alhJw+GTbA=
-14,-15,R76EnPu3y7OEMJ7ZkP9KMD0Ll2Y=,GVWEp3rWtvUoX7ME4alhJw+GTbA=
-9,-14,YYamlhE35lLSYsA2gLjNvK1Vog4=,GVWEp3rWtvUoX7ME4alhJw+GTbA=
-9,-12,hQefhwtI6rMHmfUxNUVbkapGWFg=,GVWEp3rWtvUoX7ME4alhJw+GTbA=
-9,-11,hQefhwtI6rMHmfUxNUVbkapGWFg=,GVWEp3rWtvUoX7ME4alhJw+GTbA=
-9,-15,R76EnPu3y7OEMJ7ZkP9KMD0Ll2Y=,GVWEp3rWtvUoX7ME4alhJw+GTbA=
-9,-13,YYamlhE35lLSYsA2gLjNvK1Vog4=,GVWEp3rWtvUoX7ME4alhJw+GTbA=
-9,-10,hQefhwtI6rMHmfUxNUVbkapGWFg=,GVWEp3rWtvUoX7ME4alhJw+GTbA=
-11,-9,R76EnPu3y7OEMJ7ZkP9KMD0Ll2Y=,GVWEp3rWtvUoX7ME4alhJw+GTbA=
-10,-9,hQefhwtI6rMHmfUxNUVbkapGWFg=,GVWEp3rWtvUoX7ME4alhJw+GTbA=
-15,-16,YYamlhE35lLSYsA2gLjNvK1Vog4=,GVWEp3rWtvUoX7ME4alhJw+GTbA=
-14,-16,YYamlhE35lLSYsA2gLjNvK1Vog4=,GVWEp3rWtvUoX7ME4alhJw+GTbA=
-13,-16,YYamlhE35lLSYsA2gLjNvK1Vog4=,GVWEp3rWtvUoX7ME4alhJw+GTbA=
-12,-16,YYamlhE35lLSYsA2gLjNvK1Vog4=,GVWEp3rWtvUoX7ME4alhJw+GTbA=
-11,-16,YYamlhE35lLSYsA2gLjNvK1Vog4=,GVWEp3rWtvUoX7ME4alhJw+GTbA=
-10,-16,hQefhwtI6rMHmfUxNUVbkapGWFg=,GVWEp3rWtvUoX7ME4alhJw+GTbA=
-16,-14,YYamlhE35lLSYsA2gLjNvK1Vog4=,GVWEp3rWtvUoX7ME4alhJw+GTbA=
-16,-12,YYamlhE35lLSYsA2gLjNvK1Vog4=,GVWEp3rWtvUoX7ME4alhJw+GTbA=
-16,-15,YYamlhE35lLSYsA2gLjNvK1Vog4=,GVWEp3rWtvUoX7ME4alhJw+GTbA=
-16,-13,YYamlhE35lLSYsA2gLjNvK1Vog4=,GVWEp3rWtvUoX7ME4alhJw+GTbA=
-16,-16,YYamlhE35lLSYsA2gLjNvK1Vog4=,GVWEp3rWtvUoX7ME4alhJw+GTbA=
-16,-11,YYamlhE35lLSYsA2gLjNvK1Vog4=,GVWEp3rWtvUoX7ME4alhJw+GTbA=
-14,-12,YYamlhE35lLSYsA2gLjNvK1Vog4=,GVWEp3rWtvUoX7ME4alhJw+GTbA=
-13,-12,YYamlhE35lLSYsA2gLjNvK1Vog4=,GVWEp3rWtvUoX7ME4alhJw+GTbA=
-14,-10,YYamlhE35lLSYsA2gLjNvK1Vog4=,GVWEp3rWtvUoX7ME4alhJw+GTbA=
-13,-11,YYamlhE35lLSYsA2gLjNvK1Vog4=,GVWEp3rWtvUoX7ME4alhJw+GTbA=
-13,-10,YYamlhE35lLSYsA2gLjNvK1Vog4=,GVWEp3rWtvUoX7ME4alhJw+GTbA=
-9,-16,hQefhwtI6rMHmfUxNUVbkapGWFg=,GVWEp3rWtvUoX7ME4alhJw+GTbA=
-14,-11,YYamlhE35lLSYsA2gLjNvK1Vog4=,GVWEp3rWtvUoX7ME4alhJw+GTbA=
-16,-10,YYamlhE35lLSYsA2gLjNvK1Vog4=,GVWEp3rWtvUoX7ME4alhJw+GTbA=
-15,-9,YYamlhE35lLSYsA2gLjNvK1Vog4=,GVWEp3rWtvUoX7ME4alhJw+GTbA=
-16,-9,YYamlhE35lLSYsA2gLjNvK1Vog4=,GVWEp3rWtvUoX7ME4alhJw+GTbA=
-13,-9,YYamlhE35lLSYsA2gLjNvK1Vog4=,GVWEp3rWtvUoX7ME4alhJw+GTbA=
-14,-9,YYamlhE35lLSYsA2gLjNvK1Vog4=,GVWEp3rWtvUoX7ME4alhJw+GTbA=
-9,-9,hQefhwtI6rMHmfUxNUVbkapGWFg=,GVWEp3rWtvUoX7ME4alhJw+GTbA=
-12,-12,R76EnPu3y7OEMJ7ZkP9KMD0Ll2Y=,GVWEp3rWtvUoX7ME4alhJw+GTbA=
-12,-10,hQefhwtI6rMHmfUxNUVbkapGWFg=,GVWEp3rWtvUoX7ME4alhJw+GTbA=
-12,-11,hQefhwtI6rMHmfUxNUVbkapGWFg=,GVWEp3rWtvUoX7ME4alhJw+GTbA=
-12,-9,hQefhwtI6rMHmfUxNUVbkapGWFg=,GVWEp3rWtvUoX7ME4alhJw+GTbA=
-8,-30,ABCx/hauipLF68NnyyJKzT/TAuU=,METRP4MUuqKdUxUXYmacZf/WNC4=
-3,-31,ABCx/hauipLF68NnyyJKzT/TAuU=,METRP4MUuqKdUxUXYmacZf/WNC4=
-2,-26,ABCx/hauipLF68NnyyJKzT/TAuU=,METRP4MUuqKdUxUXYmacZf/WNC4=
-2,-31,ABCx/hauipLF68NnyyJKzT/TAuU=,METRP4MUuqKdUxUXYmacZf/WNC4=
-3,-26,ABCx/hauipLF68NnyyJKzT/TAuU=,METRP4MUuqKdUxUXYmacZf/WNC4=
-4,-26,ABCx/hauipLF68NnyyJKzT/TAuU=,METRP4MUuqKdUxUXYmacZf/WNC4=
-5,-26,ABCx/hauipLF68NnyyJKzT/TAuU=,METRP4MUuqKdUxUXYmacZf/WNC4=
-6,-26,ABCx/hauipLF68NnyyJKzT/TAuU=,METRP4MUuqKdUxUXYmacZf/WNC4=
-7,-26,ABCx/hauipLF68NnyyJKzT/TAuU=,METRP4MUuqKdUxUXYmacZf/WNC4=
-8,-26,ABCx/hauipLF68NnyyJKzT/TAuU=,METRP4MUuqKdUxUXYmacZf/WNC4=
-2,-27,ABCx/hauipLF68NnyyJKzT/TAuU=,METRP4MUuqKdUxUXYmacZf/WNC4=
-4,-27,ABCx/hauipLF68NnyyJKzT/TAuU=,METRP4MUuqKdUxUXYmacZf/WNC4=
-3,-27,ABCx/hauipLF68NnyyJKzT/TAuU=,METRP4MUuqKdUxUXYmacZf/WNC4=
-5,-27,ABCx/hauipLF68NnyyJKzT/TAuU=,METRP4MUuqKdUxUXYmacZf/WNC4=
-7,-27,ABCx/hauipLF68NnyyJKzT/TAuU=,METRP4MUuqKdUxUXYmacZf/WNC4=
-6,-27,ABCx/hauipLF68NnyyJKzT/TAuU=,METRP4MUuqKdUxUXYmacZf/WNC4=
-2,-28,ABCx/hauipLF68NnyyJKzT/TAuU=,METRP4MUuqKdUxUXYmacZf/WNC4=
-3,-28,ABCx/hauipLF68NnyyJKzT/TAuU=,METRP4MUuqKdUxUXYmacZf/WNC4=
-8,-27,ABCx/hauipLF68NnyyJKzT/TAuU=,METRP4MUuqKdUxUXYmacZf/WNC4=
-5,-28,ABCx/hauipLF68NnyyJKzT/TAuU=,METRP4MUuqKdUxUXYmacZf/WNC4=
-4,-28,ABCx/hauipLF68NnyyJKzT/TAuU=,METRP4MUuqKdUxUXYmacZf/WNC4=
-6,-28,ABCx/hauipLF68NnyyJKzT/TAuU=,METRP4MUuqKdUxUXYmacZf/WNC4=
-8,-28,ABCx/hauipLF68NnyyJKzT/TAuU=,METRP4MUuqKdUxUXYmacZf/WNC4=
-7,-28,ABCx/hauipLF68NnyyJKzT/TAuU=,METRP4MUuqKdUxUXYmacZf/WNC4=
-2,-29,ABCx/hauipLF68NnyyJKzT/TAuU=,METRP4MUuqKdUxUXYmacZf/WNC4=
-4,-29,ABCx/hauipLF68NnyyJKzT/TAuU=,METRP4MUuqKdUxUXYmacZf/WNC4=
-4,-31,ABCx/hauipLF68NnyyJKzT/TAuU=,METRP4MUuqKdUxUXYmacZf/WNC4=
-5,-31,ABCx/hauipLF68NnyyJKzT/TAuU=,METRP4MUuqKdUxUXYmacZf/WNC4=
-5,-29,ABCx/hauipLF68NnyyJKzT/TAuU=,METRP4MUuqKdUxUXYmacZf/WNC4=
-6,-31,ABCx/hauipLF68NnyyJKzT/TAuU=,METRP4MUuqKdUxUXYmacZf/WNC4=
-3,-29,ABCx/hauipLF68NnyyJKzT/TAuU=,METRP4MUuqKdUxUXYmacZf/WNC4=
-6,-29,ABCx/hauipLF68NnyyJKzT/TAuU=,METRP4MUuqKdUxUXYmacZf/WNC4=
-8,-29,ABCx/hauipLF68NnyyJKzT/TAuU=,METRP4MUuqKdUxUXYmacZf/WNC4=
-7,-29,ABCx/hauipLF68NnyyJKzT/TAuU=,METRP4MUuqKdUxUXYmacZf/WNC4=
-2,-30,ABCx/hauipLF68NnyyJKzT/TAuU=,METRP4MUuqKdUxUXYmacZf/WNC4=
-3,-30,ABCx/hauipLF68NnyyJKzT/TAuU=,METRP4MUuqKdUxUXYmacZf/WNC4=
-4,-30,ABCx/hauipLF68NnyyJKzT/TAuU=,METRP4MUuqKdUxUXYmacZf/WNC4=
-5,-30,ABCx/hauipLF68NnyyJKzT/TAuU=,METRP4MUuqKdUxUXYmacZf/WNC4=
-6,-30,ABCx/hauipLF68NnyyJKzT/TAuU=,METRP4MUuqKdUxUXYmacZf/WNC4=
-7,-31,ABCx/hauipLF68NnyyJKzT/TAuU=,METRP4MUuqKdUxUXYmacZf/WNC4=
-8,-31,ABCx/hauipLF68NnyyJKzT/TAuU=,METRP4MUuqKdUxUXYmacZf/WNC4=
-7,-30,ABCx/hauipLF68NnyyJKzT/TAuU=,METRP4MUuqKdUxUXYmacZf/WNC4=
-1,-29,ABCx/hauipLF68NnyyJKzT/TAuU=,METRP4MUuqKdUxUXYmacZf/WNC4=
-1,-28,ABCx/hauipLF68NnyyJKzT/TAuU=,METRP4MUuqKdUxUXYmacZf/WNC4=
-1,-27,ABCx/hauipLF68NnyyJKzT/TAuU=,METRP4MUuqKdUxUXYmacZf/WNC4=
-1,-31,ABCx/hauipLF68NnyyJKzT/TAuU=,METRP4MUuqKdUxUXYmacZf/WNC4=
-1,-30,ABCx/hauipLF68NnyyJKzT/TAuU=,METRP4MUuqKdUxUXYmacZf/WNC4=
-5,-32,ABCx/hauipLF68NnyyJKzT/TAuU=,METRP4MUuqKdUxUXYmacZf/WNC4=
-6,-32,ABCx/hauipLF68NnyyJKzT/TAuU=,METRP4MUuqKdUxUXYmacZf/WNC4=
-4,-32,ABCx/hauipLF68NnyyJKzT/TAuU=,METRP4MUuqKdUxUXYmacZf/WNC4=
-7,-32,ABCx/hauipLF68NnyyJKzT/TAuU=,METRP4MUuqKdUxUXYmacZf/WNC4=
-3,-32,ABCx/hauipLF68NnyyJKzT/TAuU=,METRP4MUuqKdUxUXYmacZf/WNC4=
-4,-19,ABCx/hauipLF68NnyyJKzT/TAuU=,HVXl1FMR4B4NRgQKCmuIlp2pHrA=
-2,-32,ABCx/hauipLF68NnyyJKzT/TAuU=,METRP4MUuqKdUxUXYmacZf/WNC4=
-8,-24,ABCx/hauipLF68NnyyJKzT/TAuU=,HVXl1FMR4B4NRgQKCmuIlp2pHrA=
-4,-20,ABCx/hauipLF68NnyyJKzT/TAuU=,HVXl1FMR4B4NRgQKCmuIlp2pHrA=
-3,-20,ABCx/hauipLF68NnyyJKzT/TAuU=,HVXl1FMR4B4NRgQKCmuIlp2pHrA=
-6,-22,ABCx/hauipLF68NnyyJKzT/TAuU=,HVXl1FMR4B4NRgQKCmuIlp2pHrA=
-6,-21,ABCx/hauipLF68NnyyJKzT/TAuU=,HVXl1FMR4B4NRgQKCmuIlp2pHrA=
-5,-21,ABCx/hauipLF68NnyyJKzT/TAuU=,HVXl1FMR4B4NRgQKCmuIlp2pHrA=
-8,-22,ABCx/hauipLF68NnyyJKzT/TAuU=,HVXl1FMR4B4NRgQKCmuIlp2pHrA=
-6,-24,ABCx/hauipLF68NnyyJKzT/TAuU=,HVXl1FMR4B4NRgQKCmuIlp2pHrA=
-3,-24,ABCx/hauipLF68NnyyJKzT/TAuU=,HVXl1FMR4B4NRgQKCmuIlp2pHrA=
-4,-24,ABCx/hauipLF68NnyyJKzT/TAuU=,HVXl1FMR4B4NRgQKCmuIlp2pHrA=
-2,-23,ABCx/hauipLF68NnyyJKzT/TAuU=,HVXl1FMR4B4NRgQKCmuIlp2pHrA=
-5,-22,ABCx/hauipLF68NnyyJKzT/TAuU=,HVXl1FMR4B4NRgQKCmuIlp2pHrA=
-3,-19,ABCx/hauipLF68NnyyJKzT/TAuU=,HVXl1FMR4B4NRgQKCmuIlp2pHrA=
-2,-18,ABCx/hauipLF68NnyyJKzT/TAuU=,HVXl1FMR4B4NRgQKCmuIlp2pHrA=
-2,-19,ABCx/hauipLF68NnyyJKzT/TAuU=,HVXl1FMR4B4NRgQKCmuIlp2pHrA=
-8,-18,ABCx/hauipLF68NnyyJKzT/TAuU=,HVXl1FMR4B4NRgQKCmuIlp2pHrA=
-7,-18,ABCx/hauipLF68NnyyJKzT/TAuU=,HVXl1FMR4B4NRgQKCmuIlp2pHrA=
-6,-18,ABCx/hauipLF68NnyyJKzT/TAuU=,HVXl1FMR4B4NRgQKCmuIlp2pHrA=
-5,-18,ABCx/hauipLF68NnyyJKzT/TAuU=,HVXl1FMR4B4NRgQKCmuIlp2pHrA=
-7,-24,ABCx/hauipLF68NnyyJKzT/TAuU=,HVXl1FMR4B4NRgQKCmuIlp2pHrA=
-4,-18,ABCx/hauipLF68NnyyJKzT/TAuU=,HVXl1FMR4B4NRgQKCmuIlp2pHrA=
-8,-19,ABCx/hauipLF68NnyyJKzT/TAuU=,HVXl1FMR4B4NRgQKCmuIlp2pHrA=
-7,-19,ABCx/hauipLF68NnyyJKzT/TAuU=,HVXl1FMR4B4NRgQKCmuIlp2pHrA=
-5,-19,ABCx/hauipLF68NnyyJKzT/TAuU=,HVXl1FMR4B4NRgQKCmuIlp2pHrA=
-4,-21,ABCx/hauipLF68NnyyJKzT/TAuU=,HVXl1FMR4B4NRgQKCmuIlp2pHrA=
-6,-19,ABCx/hauipLF68NnyyJKzT/TAuU=,HVXl1FMR4B4NRgQKCmuIlp2pHrA=
-3,-21,ABCx/hauipLF68NnyyJKzT/TAuU=,HVXl1FMR4B4NRgQKCmuIlp2pHrA=
-2,-24,ABCx/hauipLF68NnyyJKzT/TAuU=,HVXl1FMR4B4NRgQKCmuIlp2pHrA=
-7,-23,ABCx/hauipLF68NnyyJKzT/TAuU=,HVXl1FMR4B4NRgQKCmuIlp2pHrA=
-8,-23,ABCx/hauipLF68NnyyJKzT/TAuU=,HVXl1FMR4B4NRgQKCmuIlp2pHrA=
-6,-23,ABCx/hauipLF68NnyyJKzT/TAuU=,HVXl1FMR4B4NRgQKCmuIlp2pHrA=
-5,-23,ABCx/hauipLF68NnyyJKzT/TAuU=,HVXl1FMR4B4NRgQKCmuIlp2pHrA=
-5,-24,ABCx/hauipLF68NnyyJKzT/TAuU=,HVXl1FMR4B4NRgQKCmuIlp2pHrA=
-4,-23,ABCx/hauipLF68NnyyJKzT/TAuU=,HVXl1FMR4B4NRgQKCmuIlp2pHrA=
-4,-22,ABCx/hauipLF68NnyyJKzT/TAuU=,HVXl1FMR4B4NRgQKCmuIlp2pHrA=
-7,-22,ABCx/hauipLF68NnyyJKzT/TAuU=,HVXl1FMR4B4NRgQKCmuIlp2pHrA=
-3,-22,ABCx/hauipLF68NnyyJKzT/TAuU=,HVXl1FMR4B4NRgQKCmuIlp2pHrA=
-8,-21,ABCx/hauipLF68NnyyJKzT/TAuU=,HVXl1FMR4B4NRgQKCmuIlp2pHrA=
-7,-21,ABCx/hauipLF68NnyyJKzT/TAuU=,HVXl1FMR4B4NRgQKCmuIlp2pHrA=
-3,-23,ABCx/hauipLF68NnyyJKzT/TAuU=,HVXl1FMR4B4NRgQKCmuIlp2pHrA=
-8,-20,ABCx/hauipLF68NnyyJKzT/TAuU=,HVXl1FMR4B4NRgQKCmuIlp2pHrA=
-8,-25,ABCx/hauipLF68NnyyJKzT/TAuU=,METRP4MUuqKdUxUXYmacZf/WNC4=
-7,-20,ABCx/hauipLF68NnyyJKzT/TAuU=,HVXl1FMR4B4NRgQKCmuIlp2pHrA=
-6,-25,ABCx/hauipLF68NnyyJKzT/TAuU=,METRP4MUuqKdUxUXYmacZf/WNC4=
-5,-25,ABCx/hauipLF68NnyyJKzT/TAuU=,METRP4MUuqKdUxUXYmacZf/WNC4=
-6,-20,ABCx/hauipLF68NnyyJKzT/TAuU=,HVXl1FMR4B4NRgQKCmuIlp2pHrA=
-4,-25,ABCx/hauipLF68NnyyJKzT/TAuU=,METRP4MUuqKdUxUXYmacZf/WNC4=
-3,-25,ABCx/hauipLF68NnyyJKzT/TAuU=,METRP4MUuqKdUxUXYmacZf/WNC4=
-2,-25,ABCx/hauipLF68NnyyJKzT/TAuU=,METRP4MUuqKdUxUXYmacZf/WNC4=
-5,-20,ABCx/hauipLF68NnyyJKzT/TAuU=,HVXl1FMR4B4NRgQKCmuIlp2pHrA=
-3,-18,ABCx/hauipLF68NnyyJKzT/TAuU=,HVXl1FMR4B4NRgQKCmuIlp2pHrA=
-7,-25,ABCx/hauipLF68NnyyJKzT/TAuU=,METRP4MUuqKdUxUXYmacZf/WNC4=
-8,-32,ABCx/hauipLF68NnyyJKzT/TAuU=,METRP4MUuqKdUxUXYmacZf/WNC4=
-1,-32,ABCx/hauipLF68NnyyJKzT/TAuU=,METRP4MUuqKdUxUXYmacZf/WNC4=
-2,-17,ABCx/hauipLF68NnyyJKzT/TAuU=,HVXl1FMR4B4NRgQKCmuIlp2pHrA=
-8,-17,ABCx/hauipLF68NnyyJKzT/TAuU=,HVXl1FMR4B4NRgQKCmuIlp2pHrA=
-7,-17,ABCx/hauipLF68NnyyJKzT/TAuU=,HVXl1FMR4B4NRgQKCmuIlp2pHrA=
-3,-17,ABCx/hauipLF68NnyyJKzT/TAuU=,HVXl1FMR4B4NRgQKCmuIlp2pHrA=
-5,-17,ABCx/hauipLF68NnyyJKzT/TAuU=,HVXl1FMR4B4NRgQKCmuIlp2pHrA=
-6,-17,ABCx/hauipLF68NnyyJKzT/TAuU=,HVXl1FMR4B4NRgQKCmuIlp2pHrA=
-1,-18,ABCx/hauipLF68NnyyJKzT/TAuU=,HVXl1FMR4B4NRgQKCmuIlp2pHrA=
-1,-25,ABCx/hauipLF68NnyyJKzT/TAuU=,METRP4MUuqKdUxUXYmacZf/WNC4=
-1,-24,ABCx/hauipLF68NnyyJKzT/TAuU=,HVXl1FMR4B4NRgQKCmuIlp2pHrA=
-1,-19,ABCx/hauipLF68NnyyJKzT/TAuU=,HVXl1FMR4B4NRgQKCmuIlp2pHrA=
-2,-22,ABCx/hauipLF68NnyyJKzT/TAuU=,HVXl1FMR4B4NRgQKCmuIlp2pHrA=
-1,-22,ABCx/hauipLF68NnyyJKzT/TAuU=,HVXl1FMR4B4NRgQKCmuIlp2pHrA=
-1,-26,ABCx/hauipLF68NnyyJKzT/TAuU=,METRP4MUuqKdUxUXYmacZf/WNC4=
-4,-17,ABCx/hauipLF68NnyyJKzT/TAuU=,HVXl1FMR4B4NRgQKCmuIlp2pHrA=
-2,-20,ABCx/hauipLF68NnyyJKzT/TAuU=,HVXl1FMR4B4NRgQKCmuIlp2pHrA=
-1,-23,ABCx/hauipLF68NnyyJKzT/TAuU=,HVXl1FMR4B4NRgQKCmuIlp2pHrA=
-1,-20,ABCx/hauipLF68NnyyJKzT/TAuU=,HVXl1FMR4B4NRgQKCmuIlp2pHrA=
-1,-21,ABCx/hauipLF68NnyyJKzT/TAuU=,HVXl1FMR4B4NRgQKCmuIlp2pHrA=
-2,-21,ABCx/hauipLF68NnyyJKzT/TAuU=,HVXl1FMR4B4NRgQKCmuIlp2pHrA=
-1,-17,ABCx/hauipLF68NnyyJKzT/TAuU=,HVXl1FMR4B4NRgQKCmuIlp2pHrA=
-24,-23,Mg/J7GRKhMV/PgwfOvzslcjSTbQ=,7rqUoMtu69hMRZ9N77NYnbrA0Rk=
-24,-19,Mg/J7GRKhMV/PgwfOvzslcjSTbQ=,7rqUoMtu69hMRZ9N77NYnbrA0Rk=
-18,-20,Mg/J7GRKhMV/PgwfOvzslcjSTbQ=,7rqUoMtu69hMRZ9N77NYnbrA0Rk=
-19,-20,Mg/J7GRKhMV/PgwfOvzslcjSTbQ=,7rqUoMtu69hMRZ9N77NYnbrA0Rk=
-20,-20,Mg/J7GRKhMV/PgwfOvzslcjSTbQ=,7rqUoMtu69hMRZ9N77NYnbrA0Rk=
-19,-24,Mg/J7GRKhMV/PgwfOvzslcjSTbQ=,7rqUoMtu69hMRZ9N77NYnbrA0Rk=
-18,-21,Mg/J7GRKhMV/PgwfOvzslcjSTbQ=,7rqUoMtu69hMRZ9N77NYnbrA0Rk=
-19,-21,Mg/J7GRKhMV/PgwfOvzslcjSTbQ=,7rqUoMtu69hMRZ9N77NYnbrA0Rk=
-21,-24,Mg/J7GRKhMV/PgwfOvzslcjSTbQ=,7rqUoMtu69hMRZ9N77NYnbrA0Rk=
-20,-21,Mg/J7GRKhMV/PgwfOvzslcjSTbQ=,7rqUoMtu69hMRZ9N77NYnbrA0Rk=
-21,-20,Mg/J7GRKhMV/PgwfOvzslcjSTbQ=,7rqUoMtu69hMRZ9N77NYnbrA0Rk=
-22,-24,Mg/J7GRKhMV/PgwfOvzslcjSTbQ=,7rqUoMtu69hMRZ9N77NYnbrA0Rk=
-22,-20,Mg/J7GRKhMV/PgwfOvzslcjSTbQ=,7rqUoMtu69hMRZ9N77NYnbrA0Rk=
-20,-24,Mg/J7GRKhMV/PgwfOvzslcjSTbQ=,7rqUoMtu69hMRZ9N77NYnbrA0Rk=
-18,-22,Mg/J7GRKhMV/PgwfOvzslcjSTbQ=,7rqUoMtu69hMRZ9N77NYnbrA0Rk=
-21,-21,Mg/J7GRKhMV/PgwfOvzslcjSTbQ=,7rqUoMtu69hMRZ9N77NYnbrA0Rk=
-19,-22,Mg/J7GRKhMV/PgwfOvzslcjSTbQ=,7rqUoMtu69hMRZ9N77NYnbrA0Rk=
-18,-23,Mg/J7GRKhMV/PgwfOvzslcjSTbQ=,7rqUoMtu69hMRZ9N77NYnbrA0Rk=
-21,-22,Mg/J7GRKhMV/PgwfOvzslcjSTbQ=,7rqUoMtu69hMRZ9N77NYnbrA0Rk=
-20,-22,Mg/J7GRKhMV/PgwfOvzslcjSTbQ=,7rqUoMtu69hMRZ9N77NYnbrA0Rk=
-22,-22,Mg/J7GRKhMV/PgwfOvzslcjSTbQ=,7rqUoMtu69hMRZ9N77NYnbrA0Rk=
-19,-23,Mg/J7GRKhMV/PgwfOvzslcjSTbQ=,7rqUoMtu69hMRZ9N77NYnbrA0Rk=
-18,-18,Mg/J7GRKhMV/PgwfOvzslcjSTbQ=,7rqUoMtu69hMRZ9N77NYnbrA0Rk=
-19,-18,Mg/J7GRKhMV/PgwfOvzslcjSTbQ=,7rqUoMtu69hMRZ9N77NYnbrA0Rk=
-23,-20,Mg/J7GRKhMV/PgwfOvzslcjSTbQ=,7rqUoMtu69hMRZ9N77NYnbrA0Rk=
-21,-18,Mg/J7GRKhMV/PgwfOvzslcjSTbQ=,7rqUoMtu69hMRZ9N77NYnbrA0Rk=
-20,-23,Mg/J7GRKhMV/PgwfOvzslcjSTbQ=,7rqUoMtu69hMRZ9N77NYnbrA0Rk=
-23,-24,Mg/J7GRKhMV/PgwfOvzslcjSTbQ=,7rqUoMtu69hMRZ9N77NYnbrA0Rk=
-20,-18,Mg/J7GRKhMV/PgwfOvzslcjSTbQ=,7rqUoMtu69hMRZ9N77NYnbrA0Rk=
-21,-23,Mg/J7GRKhMV/PgwfOvzslcjSTbQ=,7rqUoMtu69hMRZ9N77NYnbrA0Rk=
-22,-21,Mg/J7GRKhMV/PgwfOvzslcjSTbQ=,7rqUoMtu69hMRZ9N77NYnbrA0Rk=
-23,-21,Mg/J7GRKhMV/PgwfOvzslcjSTbQ=,7rqUoMtu69hMRZ9N77NYnbrA0Rk=
-22,-18,Mg/J7GRKhMV/PgwfOvzslcjSTbQ=,7rqUoMtu69hMRZ9N77NYnbrA0Rk=
-24,-21,Mg/J7GRKhMV/PgwfOvzslcjSTbQ=,7rqUoMtu69hMRZ9N77NYnbrA0Rk=
-18,-24,Mg/J7GRKhMV/PgwfOvzslcjSTbQ=,7rqUoMtu69hMRZ9N77NYnbrA0Rk=
-23,-18,Mg/J7GRKhMV/PgwfOvzslcjSTbQ=,7rqUoMtu69hMRZ9N77NYnbrA0Rk=
-24,-18,Mg/J7GRKhMV/PgwfOvzslcjSTbQ=,7rqUoMtu69hMRZ9N77NYnbrA0Rk=
-24,-20,Mg/J7GRKhMV/PgwfOvzslcjSTbQ=,7rqUoMtu69hMRZ9N77NYnbrA0Rk=
-23,-22,Mg/J7GRKhMV/PgwfOvzslcjSTbQ=,7rqUoMtu69hMRZ9N77NYnbrA0Rk=
-19,-19,Mg/J7GRKhMV/PgwfOvzslcjSTbQ=,7rqUoMtu69hMRZ9N77NYnbrA0Rk=
-18,-19,Mg/J7GRKhMV/PgwfOvzslcjSTbQ=,7rqUoMtu69hMRZ9N77NYnbrA0Rk=
-24,-24,Mg/J7GRKhMV/PgwfOvzslcjSTbQ=,7rqUoMtu69hMRZ9N77NYnbrA0Rk=
-22,-23,Mg/J7GRKhMV/PgwfOvzslcjSTbQ=,7rqUoMtu69hMRZ9N77NYnbrA0Rk=
-20,-19,Mg/J7GRKhMV/PgwfOvzslcjSTbQ=,7rqUoMtu69hMRZ9N77NYnbrA0Rk=
-21,-19,Mg/J7GRKhMV/PgwfOvzslcjSTbQ=,7rqUoMtu69hMRZ9N77NYnbrA0Rk=
-22,-19,Mg/J7GRKhMV/PgwfOvzslcjSTbQ=,7rqUoMtu69hMRZ9N77NYnbrA0Rk=
-23,-19,Mg/J7GRKhMV/PgwfOvzslcjSTbQ=,7rqUoMtu69hMRZ9N77NYnbrA0Rk=
-24,-22,Mg/J7GRKhMV/PgwfOvzslcjSTbQ=,7rqUoMtu69hMRZ9N77NYnbrA0Rk=
-23,-23,Mg/J7GRKhMV/PgwfOvzslcjSTbQ=,7rqUoMtu69hMRZ9N77NYnbrA0Rk=
-17,-19,Mg/J7GRKhMV/PgwfOvzslcjSTbQ=,7rqUoMtu69hMRZ9N77NYnbrA0Rk=
-17,-23,Mg/J7GRKhMV/PgwfOvzslcjSTbQ=,7rqUoMtu69hMRZ9N77NYnbrA0Rk=
-17,-24,Mg/J7GRKhMV/PgwfOvzslcjSTbQ=,7rqUoMtu69hMRZ9N77NYnbrA0Rk=
-17,-21,Mg/J7GRKhMV/PgwfOvzslcjSTbQ=,7rqUoMtu69hMRZ9N77NYnbrA0Rk=
-17,-20,Mg/J7GRKhMV/PgwfOvzslcjSTbQ=,7rqUoMtu69hMRZ9N77NYnbrA0Rk=
-17,-22,Mg/J7GRKhMV/PgwfOvzslcjSTbQ=,7rqUoMtu69hMRZ9N77NYnbrA0Rk=
-24,-17,Mg/J7GRKhMV/PgwfOvzslcjSTbQ=,7rqUoMtu69hMRZ9N77NYnbrA0Rk=
-23,-17,Mg/J7GRKhMV/PgwfOvzslcjSTbQ=,7rqUoMtu69hMRZ9N77NYnbrA0Rk=
-22,-17,Mg/J7GRKhMV/PgwfOvzslcjSTbQ=,7rqUoMtu69hMRZ9N77NYnbrA0Rk=
-21,-17,Mg/J7GRKhMV/PgwfOvzslcjSTbQ=,7rqUoMtu69hMRZ9N77NYnbrA0Rk=
-19,-17,Mg/J7GRKhMV/PgwfOvzslcjSTbQ=,7rqUoMtu69hMRZ9N77NYnbrA0Rk=
-20,-17,Mg/J7GRKhMV/PgwfOvzslcjSTbQ=,7rqUoMtu69hMRZ9N77NYnbrA0Rk=
-17,-18,Mg/J7GRKhMV/PgwfOvzslcjSTbQ=,7rqUoMtu69hMRZ9N77NYnbrA0Rk=
-17,-17,Mg/J7GRKhMV/PgwfOvzslcjSTbQ=,7rqUoMtu69hMRZ9N77NYnbrA0Rk=
-18,-17,Mg/J7GRKhMV/PgwfOvzslcjSTbQ=,7rqUoMtu69hMRZ9N77NYnbrA0Rk=
-12,-20,LnhEBvfHgR5EG/3SFNVREwGlwCA=,qISOiOYwZ7Ga705kcfUfb33BDDo=
-13,-20,LnhEBvfHgR5EG/3SFNVREwGlwCA=,qISOiOYwZ7Ga705kcfUfb33BDDo=
-9,-17,LnhEBvfHgR5EG/3SFNVREwGlwCA=,qISOiOYwZ7Ga705kcfUfb33BDDo=
-14,-20,LnhEBvfHgR5EG/3SFNVREwGlwCA=,qISOiOYwZ7Ga705kcfUfb33BDDo=
-16,-20,LnhEBvfHgR5EG/3SFNVREwGlwCA=,qISOiOYwZ7Ga705kcfUfb33BDDo=
-10,-21,LnhEBvfHgR5EG/3SFNVREwGlwCA=,qISOiOYwZ7Ga705kcfUfb33BDDo=
-15,-20,LnhEBvfHgR5EG/3SFNVREwGlwCA=,qISOiOYwZ7Ga705kcfUfb33BDDo=
-9,-21,LnhEBvfHgR5EG/3SFNVREwGlwCA=,qISOiOYwZ7Ga705kcfUfb33BDDo=
-9,-23,LnhEBvfHgR5EG/3SFNVREwGlwCA=,qISOiOYwZ7Ga705kcfUfb33BDDo=
-16,-22,LnhEBvfHgR5EG/3SFNVREwGlwCA=,qISOiOYwZ7Ga705kcfUfb33BDDo=
-10,-23,LnhEBvfHgR5EG/3SFNVREwGlwCA=,qISOiOYwZ7Ga705kcfUfb33BDDo=
-15,-22,LnhEBvfHgR5EG/3SFNVREwGlwCA=,qISOiOYwZ7Ga705kcfUfb33BDDo=
-11,-23,LnhEBvfHgR5EG/3SFNVREwGlwCA=,qISOiOYwZ7Ga705kcfUfb33BDDo=
-12,-23,LnhEBvfHgR5EG/3SFNVREwGlwCA=,qISOiOYwZ7Ga705kcfUfb33BDDo=
-13,-23,LnhEBvfHgR5EG/3SFNVREwGlwCA=,qISOiOYwZ7Ga705kcfUfb33BDDo=
-11,-24,LnhEBvfHgR5EG/3SFNVREwGlwCA=,qISOiOYwZ7Ga705kcfUfb33BDDo=
-9,-24,LnhEBvfHgR5EG/3SFNVREwGlwCA=,qISOiOYwZ7Ga705kcfUfb33BDDo=
-15,-21,LnhEBvfHgR5EG/3SFNVREwGlwCA=,qISOiOYwZ7Ga705kcfUfb33BDDo=
-16,-21,LnhEBvfHgR5EG/3SFNVREwGlwCA=,qISOiOYwZ7Ga705kcfUfb33BDDo=
-11,-21,LnhEBvfHgR5EG/3SFNVREwGlwCA=,qISOiOYwZ7Ga705kcfUfb33BDDo=
-12,-21,LnhEBvfHgR5EG/3SFNVREwGlwCA=,qISOiOYwZ7Ga705kcfUfb33BDDo=
-9,-22,LnhEBvfHgR5EG/3SFNVREwGlwCA=,qISOiOYwZ7Ga705kcfUfb33BDDo=
-14,-23,LnhEBvfHgR5EG/3SFNVREwGlwCA=,qISOiOYwZ7Ga705kcfUfb33BDDo=
-11,-22,LnhEBvfHgR5EG/3SFNVREwGlwCA=,qISOiOYwZ7Ga705kcfUfb33BDDo=
-10,-22,LnhEBvfHgR5EG/3SFNVREwGlwCA=,qISOiOYwZ7Ga705kcfUfb33BDDo=
-12,-22,LnhEBvfHgR5EG/3SFNVREwGlwCA=,qISOiOYwZ7Ga705kcfUfb33BDDo=
-13,-24,LnhEBvfHgR5EG/3SFNVREwGlwCA=,qISOiOYwZ7Ga705kcfUfb33BDDo=
-12,-19,LnhEBvfHgR5EG/3SFNVREwGlwCA=,qISOiOYwZ7Ga705kcfUfb33BDDo=
-14,-19,LnhEBvfHgR5EG/3SFNVREwGlwCA=,qISOiOYwZ7Ga705kcfUfb33BDDo=
-15,-24,LnhEBvfHgR5EG/3SFNVREwGlwCA=,qISOiOYwZ7Ga705kcfUfb33BDDo=
-15,-19,LnhEBvfHgR5EG/3SFNVREwGlwCA=,qISOiOYwZ7Ga705kcfUfb33BDDo=
-16,-19,LnhEBvfHgR5EG/3SFNVREwGlwCA=,qISOiOYwZ7Ga705kcfUfb33BDDo=
-9,-20,LnhEBvfHgR5EG/3SFNVREwGlwCA=,qISOiOYwZ7Ga705kcfUfb33BDDo=
-11,-20,LnhEBvfHgR5EG/3SFNVREwGlwCA=,qISOiOYwZ7Ga705kcfUfb33BDDo=
-10,-20,LnhEBvfHgR5EG/3SFNVREwGlwCA=,qISOiOYwZ7Ga705kcfUfb33BDDo=
-13,-21,LnhEBvfHgR5EG/3SFNVREwGlwCA=,qISOiOYwZ7Ga705kcfUfb33BDDo=
-15,-23,LnhEBvfHgR5EG/3SFNVREwGlwCA=,qISOiOYwZ7Ga705kcfUfb33BDDo=
-9,-19,LnhEBvfHgR5EG/3SFNVREwGlwCA=,qISOiOYwZ7Ga705kcfUfb33BDDo=
-14,-24,LnhEBvfHgR5EG/3SFNVREwGlwCA=,qISOiOYwZ7Ga705kcfUfb33BDDo=
-14,-22,LnhEBvfHgR5EG/3SFNVREwGlwCA=,qISOiOYwZ7Ga705kcfUfb33BDDo=
-12,-24,LnhEBvfHgR5EG/3SFNVREwGlwCA=,qISOiOYwZ7Ga705kcfUfb33BDDo=
-14,-21,LnhEBvfHgR5EG/3SFNVREwGlwCA=,qISOiOYwZ7Ga705kcfUfb33BDDo=
-10,-24,LnhEBvfHgR5EG/3SFNVREwGlwCA=,qISOiOYwZ7Ga705kcfUfb33BDDo=
-9,-18,LnhEBvfHgR5EG/3SFNVREwGlwCA=,qISOiOYwZ7Ga705kcfUfb33BDDo=
-16,-23,LnhEBvfHgR5EG/3SFNVREwGlwCA=,qISOiOYwZ7Ga705kcfUfb33BDDo=
-16,-24,LnhEBvfHgR5EG/3SFNVREwGlwCA=,qISOiOYwZ7Ga705kcfUfb33BDDo=
-11,-19,LnhEBvfHgR5EG/3SFNVREwGlwCA=,qISOiOYwZ7Ga705kcfUfb33BDDo=
-10,-19,LnhEBvfHgR5EG/3SFNVREwGlwCA=,qISOiOYwZ7Ga705kcfUfb33BDDo=
-13,-22,LnhEBvfHgR5EG/3SFNVREwGlwCA=,qISOiOYwZ7Ga705kcfUfb33BDDo=
-10,-18,LnhEBvfHgR5EG/3SFNVREwGlwCA=,qISOiOYwZ7Ga705kcfUfb33BDDo=
-11,-18,LnhEBvfHgR5EG/3SFNVREwGlwCA=,qISOiOYwZ7Ga705kcfUfb33BDDo=
-13,-19,LnhEBvfHgR5EG/3SFNVREwGlwCA=,qISOiOYwZ7Ga705kcfUfb33BDDo=
-10,-17,LnhEBvfHgR5EG/3SFNVREwGlwCA=,qISOiOYwZ7Ga705kcfUfb33BDDo=
-12,-18,LnhEBvfHgR5EG/3SFNVREwGlwCA=,qISOiOYwZ7Ga705kcfUfb33BDDo=
-16,-18,LnhEBvfHgR5EG/3SFNVREwGlwCA=,qISOiOYwZ7Ga705kcfUfb33BDDo=
-11,-17,LnhEBvfHgR5EG/3SFNVREwGlwCA=,qISOiOYwZ7Ga705kcfUfb33BDDo=
-16,-17,LnhEBvfHgR5EG/3SFNVREwGlwCA=,qISOiOYwZ7Ga705kcfUfb33BDDo=
-12,-17,LnhEBvfHgR5EG/3SFNVREwGlwCA=,qISOiOYwZ7Ga705kcfUfb33BDDo=
-13,-17,LnhEBvfHgR5EG/3SFNVREwGlwCA=,qISOiOYwZ7Ga705kcfUfb33BDDo=
-14,-18,LnhEBvfHgR5EG/3SFNVREwGlwCA=,qISOiOYwZ7Ga705kcfUfb33BDDo=
-15,-18,LnhEBvfHgR5EG/3SFNVREwGlwCA=,qISOiOYwZ7Ga705kcfUfb33BDDo=
-13,-18,LnhEBvfHgR5EG/3SFNVREwGlwCA=,qISOiOYwZ7Ga705kcfUfb33BDDo=
-14,-17,LnhEBvfHgR5EG/3SFNVREwGlwCA=,qISOiOYwZ7Ga705kcfUfb33BDDo=
-15,-17,LnhEBvfHgR5EG/3SFNVREwGlwCA=,qISOiOYwZ7Ga705kcfUfb33BDDo=
